{
    "data": [
        {
            "value": {
                "event": "onPause"
            },
            "os": "ANDROID",
            "level": "debug",
            "subcategory": "system"
        },
        {
            "value": {
                "event": "onStop"
            },
            "os": "ANDROID",
            "level": "debug",
            "subcategory": "system"
        },
        {
            "value": {
                "event": "OnSavedStateInstance"
            },
            "os": "ANDROID",
            "level": "debug",
            "subcategory": "system"
        },
        {
            "value": {
                "event": "onResume"
            },
            "os": "ANDROID",
            "level": "debug",
            "subcategory": "system"
        },
        {
            "value": {
                "isInitialised()": {
                    "sdkState": "INITIATE_COMPLETED",
                    "isInitialised": true
                }
            },
            "os": "ANDROID",
            "level": "info",
            "subcategory": "hypersdk"
        },
        {
            "value": {
                "called_and_started": {
                    "requestId": "ef522382-3352-4f8b-a497-92b7b959acaa",
                    "service": "in.juspay.hyperapi",
                    "payload": {
                        "signaturePayload": "[REDACTED]",
                        "action": "upiValidVpa",
                        "protected": "[REDACTED]",
                        "signature": "[REDACTED]",
                        "customerVpa": "[REDACTED]"
                    }
                }
            },
            "os": "ANDROID",
            "level": "info",
            "subcategory": "hypersdk"
        },
        {
            "value": {
                "started": {
                    "requestId": "ef522382-3352-4f8b-a497-92b7b959acaa",
                    "service": "in.juspay.hyperapi",
                    "payload": {
                        "signaturePayload": "[REDACTED]",
                        "action": "upiValidVpa",
                        "protected": "[REDACTED]",
                        "signature": "[REDACTED]",
                        "customerVpa": "[REDACTED]"
                    }
                }
            },
            "os": "ANDROID",
            "level": "info",
            "subcategory": "hypersdk"
        },
        {
            "value": {
                "method": "POST",
                "url": "https://endpoint/vpas/validity",
                "options": "{}",
                "payload": "{\"udfParameters\":\"{}\",\"merchantId\":\"merchantX\",\"merchantCustomerId\":\"[REDACTED]\",\"merchantChannelId\":\"merchantXAPP\",\"customerVpa\":\"[REDACTED]\",\"checksum\":\"69d3cdf276f3ad58560b52e205e856ad6421770dfa6e2f8588857979455f54b1\"}",
                "start_time": 1753121700494
            },
            "os": "ANDROID",
            "level": "info",
            "subcategory": "network"
        },
        {
            "value": {
                "method": "POST",
                "url": "https://endpoint/vpas/validity",
                "payload": null,
                "api_tag": "tag11",
                "start_time": 1753121700495
            },
            "os": "ANDROID",
            "level": "info",
            "subcategory": "network"
        },
        {
            "value": {
                "started": {
                    "requestId": "ef522382-3352-4f8b-a497-92b7b959acaa",
                    "service": "in.juspay.hyperapi",
                    "payload": {
                        "currentActivityId": "50f21767-010e-48e8-ad19-4d229029f673",
                        "signaturePayload": "[REDACTED]",
                        "processStartedTime": 1753121700263,
                        "merchant_root_view": "16908290",
                        "action": "upiValidVpa",
                        "protected": "[REDACTED]",
                        "signature": "[REDACTED]",
                        "customerVpa": "[REDACTED]",
                        "merchant_keyboard_mode": 16
                    }
                }
            },
            "os": "ANDROID",
            "level": "info",
            "subcategory": "system"
        },
        {
            "value": {
                "started": {
                    "requestId": "ef522382-3352-4f8b-a497-92b7b959acaa",
                    "service": "in.juspay.ec",
                    "payload": {
                        "currentActivityId": "50f21767-010e-48e8-ad19-4d229029f673",
                        "signaturePayload": "[REDACTED]",
                        "processStartedTime": 1753121700263,
                        "merchant_root_view": "16908290",
                        "lifecycleId": "sdk:[REDACTED]/os:04562758-675a-4c93-8a82-631d08067130",
                        "action": "upiValidVpa",
                        "protected": "[REDACTED]",
                        "signature": "[REDACTED]",
                        "customerVpa": "[REDACTED]",
                        "merchant_keyboard_mode": 16
                    }
                }
            },
            "os": "ANDROID",
            "level": "info",
            "subcategory": "microapp"
        },
        {
            "value": {
                "response": "{\"status\":\"SUCCESS\",\"responseMessage\":\"SUCCESS\",\"responseCode\":\"SUCCESS\",\"payload\":{\"merchantChannelId\":\"merchantXAPP\",\"merchantId\":\"merchantX\",\"isMerchant\":false,\"customerName\":\"Chandra Bhal\",\"isMerchantVerified\":false,\"ifsc\":\"AIRP0000001\",\"isCustomerVpaValid\":true,\"mcc\":\"0000\",\"featureTags\":[\"01\"],\"customerVpa\":\"[REDACTED]\",\"iin\":\"607152\"},\"sdkChecksum\":\"f79ed2e7c21978bcb4d7c545abb58a43fdd54df1e9cb94418b8a28b06d9c4fa1\",\"udfParameters\":\"{}\"}",
                "method": "POST",
                "url": "https://endpoint/vpas/validity",
                "status_code": 200,
                "payload": "{\"udfParameters\":\"{}\",\"merchantId\":\"merchantX\",\"merchantCustomerId\":\"[REDACTED]\",\"merchantChannelId\":\"merchantXAPP\",\"customerVpa\":\"[REDACTED]\",\"checksum\":\"69d3cdf276f3ad58560b52e205e856ad6421770dfa6e2f8588857979455f54b1\"}",
                "api_tag": "tag11",
                "end_time": 1753121700616,
                "start_time": 1753121700495
            },
            "os": "ANDROID",
            "level": "info",
            "subcategory": "network"
        },
        {
            "value": {
                "ended": {
                    "errorMessage": "",
                    "requestId": "ef522382-3352-4f8b-a497-92b7b959acaa",
                    "service": "in.juspay.ec",
                    "payload": {
                        "merchantId": "merchantX",
                        "mcc": "0000",
                        "isMerchantVerified": false,
                        "status": "SUCCESS",
                        "customerName": "Chandra Bhal",
                        "isCustomerVpaValid": true,
                        "responseMessage": "SUCCESS",
                        "merchantChannelId": "merchantXAPP",
                        "isMerchant": false,
                        "action": "upiValidVpa",
                        "udfParameters": "{}",
                        "responseCode": "SUCCESS",
                        "customerVpa": "[REDACTED]",
                        "featureFlags": {
                            "ppiWallet": {
                                "supported": true
                            },
                            "creditLine": {
                                "supported": true
                            },
                            "voucher": {
                                "supported": true
                            },
                            "credit": {
                                "supported": true
                            },
                            "mandate": {
                                "supported": true
                            },
                            "uod": {
                                "supported": true
                            }
                        }
                    },
                    "errorCode": "",
                    "error": false
                }
            },
            "os": "ANDROID",
            "level": "info",
            "subcategory": "microapp"
        },
        {
            "value": {
                "loader": "hide",
                "disableLoader": false,
                "forceLoader": false,
                "merchantLoader": true
            },
            "os": "ANDROID",
            "level": "info",
            "subcategory": "system"
        },
        {
            "value": {
                "payload": {
                    "payload": {
                        "requestID": "ef522382-3352-4f8b-a497-92b7b959acaa"
                    },
                    "event": "hide_loader"
                }
            },
            "os": "ANDROID",
            "level": "info",
            "subcategory": "hypersdk"
        },
        {
            "value": {
                "ended": {
                    "errorMessage": "",
                    "requestId": "ef522382-3352-4f8b-a497-92b7b959acaa",
                    "service": "in.juspay.hyperapi",
                    "payload": {
                        "merchantId": "merchantX",
                        "mcc": "0000",
                        "isMerchantVerified": false,
                        "status": "SUCCESS",
                        "customerName": "Chandra Bhal",
                        "isCustomerVpaValid": true,
                        "responseMessage": "SUCCESS",
                        "merchantChannelId": "merchantXAPP",
                        "isMerchant": false,
                        "action": "upiValidVpa",
                        "udfParameters": "{}",
                        "responseCode": "SUCCESS",
                        "customerVpa": "[REDACTED]",
                        "featureFlags": {
                            "ppiWallet": {
                                "supported": true
                            },
                            "creditLine": {
                                "supported": true
                            },
                            "voucher": {
                                "supported": true
                            },
                            "credit": {
                                "supported": true
                            },
                            "mandate": {
                                "supported": true
                            },
                            "uod": {
                                "supported": true
                            }
                        }
                    },
                    "errorCode": "",
                    "event": "process_result",
                    "error": false
                }
            },
            "os": "ANDROID",
            "level": "info",
            "subcategory": "hypersdk"
        },
        {
            "value": {
                "data": {
                    "os_eval_scope": 281,
                    "os_main": 364,
                    "in.juspay.hyperupi": {
                        "ready": 1693,
                        "gettingblockmjos": 1,
                        "attaching": 2,
                        "checkandloadfiles": 2,
                        "createhooks": 0
                    },
                    "mjos_download": 23,
                    "onmerchantevent": 57742,
                    "in.juspay.hyperapi": {
                        "ready": 143,
                        "gettingblockmjos": 4,
                        "attaching": 4,
                        "checkandloadfiles": 6,
                        "createhooks": 3
                    },
                    "os_loadjosconfig": 5,
                    "postconfig": 272,
                    "in.juspay.inappupi": {
                        "ready": 1943,
                        "gettingblockmjos": 0,
                        "attaching": 2348,
                        "checkandloadfiles": 2,
                        "createhooks": 0
                    },
                    "in.juspay.ec": {
                        "ready": 591,
                        "gettingblockmjos": 0,
                        "attaching": 9,
                        "checkandloadfiles": 5,
                        "createhooks": 0
                    },
                    "waitfordevicename": 0
                }
            },
            "os": "ANDROID",
            "level": "debug",
            "subcategory": "system"
        },
        {
            "value": {
                "isInitialised()": {
                    "sdkState": "INITIATE_COMPLETED",
                    "isInitialised": true
                }
            },
            "level": "info",
            "subcategory": "hypersdk"
        },
        {
            "value": {
                "called_and_started": {
                    "requestId": "c8f46b23-2127-4f54-8123-50fa45d23d6f",
                    "service": "in.juspay.hyperapi",
                    "payload": {
                        "mcc": "0000",
                        "upiRequestId": "YJP[REDACTED]",
                        "signaturePayload": "[REDACTED]",
                        "timestamp": "1753121705407",
                        "payeeName": "Chandra Bhal",
                        "payType": "SCAN_PAY",
                        "remarks": "UPI",
                        "currency": "INR",
                        "payeeVpa": "[REDACTED]",
                        "action": "upiSendMoney",
                        "accountReferenceId": "[REDACTED]",
                        "protected": "[REDACTED]",
                        "signature": "[REDACTED]",
                        "amount": "100.00",
                        "customerVpa": "[REDACTED]"
                    }
                }
            },
            "level": "info",
            "subcategory": "hypersdk"
        },
        {
            "value": {
                "started": {
                    "requestId": "c8f46b23-2127-4f54-8123-50fa45d23d6f",
                    "service": "in.juspay.hyperapi",
                    "payload": {
                        "currentActivityId": "50f21767-010e-48e8-ad19-4d229029f673",
                        "mcc": "0000",
                        "upiRequestId": "YJP[REDACTED]",
                        "signaturePayload": "[REDACTED]",
                        "processStartedTime": 1753121705409,
                        "merchant_root_view": "16908290",
                        "timestamp": "1753121705407",
                        "payeeName": "Chandra Bhal",
                        "payType": "SCAN_PAY",
                        "remarks": "UPI",
                        "currency": "INR",
                        "payeeVpa": "[REDACTED]",
                        "action": "upiSendMoney",
                        "accountReferenceId": "[REDACTED]",
                        "protected": "[REDACTED]",
                        "signature": "[REDACTED]",
                        "amount": "100.00",
                        "customerVpa": "[REDACTED]",
                        "merchant_keyboard_mode": 16
                    }
                }
            },
            "level": "info",
            "subcategory": "hypersdk"
        },
        {
            "value": {
                "main_thread_handover": 56
            },
            "level": "debug",
            "subcategory": "hypersdk"
        },
        {
            "value": {
                "SERVICE_INITIATED": "true"
            },
            "level": "debug",
            "subcategory": "system"
        },
        {
            "value": {
                "NPCI_CL": "OPENED"
            },
            "level": "debug",
            "subcategory": "system"
        },
        {
            "value": {
                "started": {
                    "requestId": "c8f46b23-2127-4f54-8123-50fa45d23d6f",
                    "service": "in.juspay.hyperapi",
                    "payload": {
                        "currentActivityId": "50f21767-010e-48e8-ad19-4d229029f673",
                        "mcc": "0000",
                        "upiRequestId": "YJP[REDACTED]",
                        "signaturePayload": "[REDACTED]",
                        "processStartedTime": 1753121705409,
                        "merchant_root_view": "16908290",
                        "timestamp": "1753121705407",
                        "payeeName": "Chandra Bhal",
                        "payType": "SCAN_PAY",
                        "remarks": "UPI",
                        "currency": "INR",
                        "payeeVpa": "[REDACTED]",
                        "action": "upiSendMoney",
                        "accountReferenceId": "[REDACTED]",
                        "protected": "[REDACTED]",
                        "signature": "[REDACTED]",
                        "amount": "100.00",
                        "customerVpa": "[REDACTED]",
                        "merchant_keyboard_mode": 16
                    }
                }
            },
            "os": "android",
            "level": "info",
            "subcategory": "system"
        },
        {
            "value": {
                "client_id": "merchantX"
            },
            "os": "android",
            "level": "info",
            "subcategory": "payment"
        },
        {
            "value": {
                "started": {
                    "requestId": "c8f46b23-2127-4f54-8123-50fa45d23d6f",
                    "service": "in.juspay.ec",
                    "payload": {
                        "currentActivityId": "50f21767-010e-48e8-ad19-4d229029f673",
                        "mcc": "0000",
                        "upiRequestId": "YJP[REDACTED]",
                        "signaturePayload": "[REDACTED]",
                        "processStartedTime": 1753121705409,
                        "merchant_root_view": "16908290",
                        "timestamp": "1753121705407",
                        "payeeName": "Chandra Bhal",
                        "payType": "SCAN_PAY",
                        "remarks": "UPI",
                        "lifecycleId": "sdk:[REDACTED]/os:1946d176-647b-4eeb-97b1-38c9955bac80",
                        "currency": "INR",
                        "payeeVpa": "[REDACTED]",
                        "action": "upiSendMoney",
                        "accountReferenceId": "[REDACTED]",
                        "protected": "[REDACTED]",
                        "signature": "[REDACTED]",
                        "amount": "100.00",
                        "customerVpa": "[REDACTED]",
                        "merchant_keyboard_mode": 16
                    }
                }
            },
            "os": "android",
            "level": "info",
            "subcategory": "microapp"
        },
        {
            "value": {
                "order_id": "",
                "client_id": "merchantX",
                "merchant_id": ""
            },
            "os": "android",
            "level": "info",
            "subcategory": "device"
        },
        {
            "value": {
                "started": {
                    "requestId": "ef522382-3352-4f8b-a497-92b7b959acaa",
                    "service": "in.juspay.inappupi",
                    "payload": "{\"service\":\"in.juspay.inappupi\",\"requestId\":\"ef522382-3352-4f8b-a497-92b7b959acaa\",\"payload\":{\"customerVpa\":\"[REDACTED]\",\"action\":\"upiValidVpa\",\"signature\":\"signatureValue\",\"signaturePayload\":\"signaturePayloadValue\",\"protected\":\"protectedKey\",\"merchant_root_view\":\"16908290\",\"merchant_keyboard_mode\":16,\"processStartedTime\":1753121700263,\"currentActivityId\":\"50f21767-010e-48e8-ad19-4d229029f673\",\"lifecycleId\":\"sdk:[REDACTED]/os:[REDACTED]\"},\"lifecycleId\":\"sdk:[REDACTED]/os:[REDACTED]\"}"
                }
            },
            "os": "ANDROID",
            "level": "info",
            "subcategory": "microapp"
        },
        {
            "value": {
                "started": {
                    "requestId": "ef522382-3352-4f8b-a497-92b7b959acaa",
                    "service": "in.juspay.inappupi",
                    "payload": {
                        "signaturePayload": "[REDACTED]",
                        "merchantKeyId": null,
                        "maskPIIData": null,
                        "action": "upiValidVpa",
                        "udfParameters": null,
                        "signature": "[REDACTED]",
                        "customerVpa": "[REDACTED]",
                        "clientAuthToken": null
                    },
                    "lifeCycleId": null
                }
            },
            "os": "ANDROID",
            "level": "info",
            "subcategory": "microapp"
        },
        {
            "value": {
                "title": "CACHE_VALIDITY",
                "value": "{ expiryType: \"HARD_EXPIRED\", key: \"SESSION_PARAMS_\", validFor: -1.0 }"
            },
            "os": "ANDROID",
            "level": "info",
            "subcategory": "system"
        },
        {
            "value": {
                "title": "AUTH_STATUS",
                "value": {
                    "key": "SESSION_PARAMS_",
                    "expiryType": "HARD_EXPIRED",
                    "cachedAtTs": 0
                }
            },
            "os": "ANDROID",
            "level": "info",
            "subcategory": "system"
        },
        {
            "value": {
                "title": "CACHE_VALIDITY",
                "value": "{ expiryType: \"VALID\", key: \"AUTH_PD\", validFor: 1587894.0 }"
            },
            "os": "ANDROID",
            "level": "info",
            "subcategory": "system"
        },
        {
            "value": {
                "title": "AUTH_STATUS",
                "value": {
                    "key": "AUTH_PD",
                    "expiryType": "VALID",
                    "cachedAtTs": 1753121488353
                }
            },
            "os": "ANDROID",
            "level": "info",
            "subcategory": "system"
        },
        {
            "value": {
                "title": "CACHE_VALIDITY",
                "value": "{ expiryType: \"VALID\", key: \"PSP_SESSION_TKN\", validFor: 393924.0 }"
            },
            "os": "ANDROID",
            "level": "info",
            "subcategory": "system"
        },
        {
            "value": {
                "title": "AUTH_STATUS",
                "value": {
                    "key": "PSP_SESSION_TKN",
                    "expiryType": "VALID",
                    "cachedAtTs": 1753121494400
                }
            },
            "os": "ANDROID",
            "level": "info",
            "subcategory": "system"
        },
        {
            "value": {
                "latency": "130.2000000011176",
                "url": "https://endpoint/vpas/validity"
            },
            "os": "ANDROID",
            "level": "info",
            "subcategory": "system"
        },
        {
            "value": {
                "ended": {
                    "errorMessage": "",
                    "requestId": "ef522382-3352-4f8b-a497-92b7b959acaa",
                    "service": "in.juspay.inappupi",
                    "payload": {
                        "merchantId": "merchantX",
                        "mcc": "0000",
                        "isMerchantVerified": false,
                        "status": "SUCCESS",
                        "customerName": "Chandra Bhal",
                        "isCustomerVpaValid": true,
                        "responseMessage": "SUCCESS",
                        "merchantChannelId": "merchantXAPP",
                        "isMerchant": false,
                        "action": "upiValidVpa",
                        "udfParameters": "{}",
                        "responseCode": "SUCCESS",
                        "customerVpa": "[REDACTED]",
                        "featureFlags": {
                            "ppiWallet": {
                                "supported": true
                            },
                            "creditLine": {
                                "supported": true
                            },
                            "voucher": {
                                "supported": true
                            },
                            "credit": {
                                "supported": true
                            },
                            "mandate": {
                                "supported": true
                            },
                            "uod": {
                                "supported": true
                            }
                        }
                    },
                    "errorCode": "",
                    "event": "process_result",
                    "error": false
                }
            },
            "os": "ANDROID",
            "level": "info",
            "subcategory": "microapp"
        },
        {
            "value": {
                "Latency": {
                    "latency": 240,
                    "latency_sub_ms": 240.2000000011176,
                    "action": "upiValidVpa",
                    "end_time": 1753121700623,
                    "start_time": 1753121700383
                }
            },
            "os": "ANDROID",
            "level": "info",
            "subcategory": "system"
        },
        {
            "value": {
                "ended": {
                    "errorMessage": "",
                    "requestId": "ef522382-3352-4f8b-a497-92b7b959acaa",
                    "service": "in.juspay.inappupi",
                    "payload": "{\"udfParameters\":\"{}\",\"status\":\"SUCCESS\",\"responseMessage\":\"SUCCESS\",\"responseCode\":\"SUCCESS\",\"merchantId\":\"merchantX\",\"merchantChannelId\":\"merchantXAPP\",\"mcc\":\"0000\",\"isMerchantVerified\":false,\"isMerchant\":false,\"isCustomerVpaValid\":true,\"featureFlags\":{\"voucher\":{\"supported\":true},\"uod\":{\"supported\":true},\"ppiWallet\":{\"supported\":true},\"mandate\":{\"supported\":true},\"creditLine\":{\"supported\":true},\"credit\":{\"supported\":true}},\"customerVpa\":\"[REDACTED]\",\"customerName\":\"Chandra Bhal\",\"action\":\"upiValidVpa\"}",
                    "errorCode": "",
                    "error": false
                }
            },
            "os": "ANDROID",
            "level": "info",
            "subcategory": "microapp"
        },
        {
            "value": {
                "started": {
                    "requestId": "c8f46b23-2127-4f54-8123-50fa45d23d6f",
                    "service": "in.juspay.inappupi",
                    "payload": "{\"service\":\"in.juspay.inappupi\",\"requestId\":\"c8f46b23-2127-4f54-8123-50fa45d23d6f\",\"payload\":{\"action\":\"upiSendMoney\",\"signature\":\"signatureValue\",\"signaturePayload\":\"signaturePayloadValue\",\"protected\":\"protectedKey\",\"timestamp\":\"1753121705407\",\"remarks\":\"UPI\",\"payeeVpa\":\"[REDACTED]\",\"payeeName\":\"Chandra Bhal\",\"mcc\":\"0000\",\"payType\":\"SCAN_PAY\",\"customerVpa\":\"[REDACTED]\",\"currency\":\"INR\",\"amount\":\"100.00\",\"accountReferenceId\":\"[REDACTED]\",\"upiRequestId\":\"YJP[REDACTED]\",\"merchant_root_view\":\"16908290\",\"merchant_keyboard_mode\":16,\"processStartedTime\":1753121705409,\"currentActivityId\":\"50f21767-010e-48e8-ad19-4d229029f673\",\"lifecycleId\":\"sdk:[REDACTED]/os:8381aa81-dd0c-46b2-8140-650a0d962b0c\"},\"lifecycleId\":\"sdk:[REDACTED]/os:8381aa81-dd0c-46b2-8140-650a0d962b0c\"}"
                }
            },
            "os": "android",
            "level": "info",
            "subcategory": "microapp"
        },
        {
            "value": {
                "started": {
                    "requestId": "c8f46b23-2127-4f54-8123-50fa45d23d6f",
                    "service": "in.juspay.inappupi",
                    "payload": {
                        "transactionReference": null,
                        "purpose": null,
                        "mcc": "0000",
                        "upiRequestId": "YJP[REDACTED]",
                        "payeeAccountReferenceId": null,
                        "signaturePayload": "[REDACTED]",
                        "liteFlow": null,
                        "merchantKeyId": null,
                        "baseCurr": null,
                        "refUrl": null,
                        "splitDetails": null,
                        "timestamp": "1753121705407",
                        "payeeName": "Chandra Bhal",
                        "refCategory": null,
                        "payType": "SCAN_PAY",
                        "baseAmount": null,
                        "remarks": "UPI",
                        "useUpiLite": null,
                        "currency": "INR",
                        "payeeVpa": "[REDACTED]",
                        "action": "upiSendMoney",
                        "upiNumber": null,
                        "accountReferenceId": "[REDACTED]",
                        "udfParameters": null,
                        "signature": "[REDACTED]",
                        "initiationMode": null,
                        "lrn": null,
                        "merchantRequestId": null,
                        "amount": "100.00",
                        "customerVpa": "[REDACTED]",
                        "clientAuthToken": null,
                        "originalTransactionUpiRequestId": null
                    },
                    "lifeCycleId": null
                }
            },
            "os": "android",
            "level": "info",
            "subcategory": "microapp"
        },
        {
            "value": {
                "event": "onPause"
            },
            "os": "ANDROID",
            "level": "debug",
            "subcategory": "system"
        },
        {
            "value": {
                "event": "onStop"
            },
            "os": "ANDROID",
            "level": "debug",
            "subcategory": "system"
        },
        {
            "value": {
                "event": "OnSavedStateInstance"
            },
            "os": "ANDROID",
            "level": "debug",
            "subcategory": "system"
        },
        {
            "value": {
                "GET_CREDENTIALS_RESP": "[REDACTED]"
            },
            "level": "debug",
            "subcategory": "system"
        },
        {
            "value": {
                "event": "onResume"
            },
            "level": "debug",
            "subcategory": "system"
        },
        {
            "value": {
                "method": "POST",
                "url": "https://endpoint/transactions/sendMoney",
                "options": "{}",
                "payload": "{\"upiRequestId\":\"YJP[REDACTED]\",\"udfParameters\":\"{}\",\"timestamp\":\"1753121705407\",\"remarks\":\"UPI\",\"payeeVpa\":\"[REDACTED]\",\"payeeName\":\"Chandra Bhal\",\"payType\":\"SCAN_PAY\",\"merchantRequestId\":\"[REDACTED]\",\"merchantId\":\"merchantX\",\"merchantCustomerId\":\"[REDACTED]\",\"merchantChannelId\":\"merchantXAPP\",\"mcc\":\"0000\",\"location\":\"DEFAULT\",\"geocode\":\"00.000000,00.000000\",\"customerVpa\":\"[REDACTED]\",\"currency\":\"INR\",\"credBlock\":\"{\\\"mpincred\\\":{\\\"type\\\":\\\"PIN\\\",\\\"subType\\\":\\\"MPIN\\\",\\\"data\\\":{\\\"ki\\\":\\\"20150822\\\",\\\"encryptedBase64String\\\":\\\"2.3-v1.8|O3v5EtTgZfW9kzFQryGctODd1vrNW/UvuueEpF708ZlLs9Zl4mGtVgWdm+/0sR/UrklQRgZ/kSqRd33G9mzwVLSPErRaD5jJNbcBi8XCqYRIW7id3GXBI66GErw7xjTH0cTir9sJO84Nu8DsnotBHL8MneHrW/2SA0fNGImO8iC7Rf43Bl+dmgv5aTbD6bvHaW8/ZUmePkYbU0GsmGt7dD5Hb95HmIZ8nSh7Wg8ItaB8g0yz3L+iel0lamnubFe/o71wonhP2ABRLID5tD4ozAiKsKglX/fODPTaPNOv0wphILqLRNZVwVKEsrYsFcNgZGtr4cFBetkgziSfDf4EWg==\\\",\\\"code\\\":\\\"NPCI\\\"}}}\",\"checksum\":\"5488877817eceb3736af6fcf3b7fa21b76cccebee9cf08570eb8ef0e15fc3f98\",\"amount\":\"100.00\",\"accountReferenceId\":\"[REDACTED]\"}",
                "start_time": 1753121714022
            },
            "level": "info",
            "subcategory": "network"
        },
        {
            "value": {
                "method": "POST",
                "url": "https://endpoint/transactions/sendMoney",
                "payload": null,
                "api_tag": "tag12",
                "start_time": 1753121714023
            },
            "level": "info",
            "subcategory": "network"
        },
        {
            "value": {
                "response": "{\"merchantPayload\":{\"amount\":\"100.00\",\"maskedAccountNumber\":\"XXXXXX8557\",\"refUrl\":\"https://www.juspay.io/in/\",\"payeeMcc\":\"0000\",\"gatewayResponseMessage\":\"FAILURE\",\"gatewayResponseCode\":\"S97\",\"gatewayReferenceId\":\"520209213720\",\"gatewayTransactionId\":\"YJP[REDACTED]\",\"customerMobileNumber\":\"[REDACTED]\",\"transactionTimestamp\":\"2025-07-21T23:45:14+05:30\",\"payType\":\"SCAN_PAY\",\"bankCode\":\"[REDACTED]\",\"customerVpa\":\"[REDACTED]\",\"bankAccountUniqueId\":\"[REDACTED]\"},\"status\":\"SUCCESS\",\"responseMessage\":\"SUCCESS\",\"merchantPayloadSignature\":\"1cc1b081a907a244b9f419574d9ed06fe661c20369df2996e2322dc49b2a40a6a030dc561ee60b32ccc79ae23ed949107acf798c918e8fe93698b3712fadd4548b769f222615906afec6efaad68487923676f00c92e027ea77f0e51696ea39ecec2f7ea63589f8155ab5021b5a829f755f399c439177a507774de6c9a76f4d59157a2248cd26fe9fa2706932b742aa695e4390cae77c89c2595c8c26c7749aa4a70b6c79dcbf2d878cf281af212e7cfabafdc11de3da6cd656463e05ac6a45c99f47e11aa5a16a6ab437f907999b3b7b3e31d8db4743339c46f0ea1e6bea4503abac7f1827411852079c15eae48500cf0b60b5a5cf8d07f944eedac2d3c751b5\",\"responseCode\":\"SUCCESS\",\"sdkChecksum\":\"29ca287db2c4d913d33ef8a991721593d4b296367fe13653745f5b5669cd02d0\",\"sdkPayload\":{},\"udfParameters\":\"{}\"}",
                "method": "POST",
                "url": "https://endpoint/transactions/sendMoney",
                "status_code": 200,
                "payload": "{\"upiRequestId\":\"YJP[REDACTED]\",\"udfParameters\":\"{}\",\"timestamp\":\"1753121705407\",\"remarks\":\"UPI\",\"payeeVpa\":\"[REDACTED]\",\"payeeName\":\"Chandra Bhal\",\"payType\":\"SCAN_PAY\",\"merchantRequestId\":\"[REDACTED]\",\"merchantId\":\"merchantX\",\"merchantCustomerId\":\"[REDACTED]\",\"merchantChannelId\":\"merchantXAPP\",\"mcc\":\"0000\",\"location\":\"DEFAULT\",\"geocode\":\"00.000000,00.000000\",\"customerVpa\":\"[REDACTED]\",\"currency\":\"INR\",\"credBlock\":\"{\\\"mpincred\\\":{\\\"type\\\":\\\"PIN\\\",\\\"subType\\\":\\\"MPIN\\\",\\\"data\\\":{\\\"ki\\\":\\\"20150822\\\",\\\"encryptedBase64String\\\":\\\"2.3-v1.8|O3v5EtTgZfW9kzFQryGctODd1vrNW/UvuueEpF708ZlLs9Zl4mGtVgWdm+/0sR/UrklQRgZ/kSqRd33G9mzwVLSPErRaD5jJNbcBi8XCqYRIW7id3GXBI66GErw7xjTH0cTir9sJO84Nu8DsnotBHL8MneHrW/2SA0fNGImO8iC7Rf43Bl+dmgv5aTbD6bvHaW8/ZUmePkYbU0GsmGt7dD5Hb95HmIZ8nSh7Wg8ItaB8g0yz3L+iel0lamnubFe/o71wonhP2ABRLID5tD4ozAiKsKglX/fODPTaPNOv0wphILqLRNZVwVKEsrYsFcNgZGtr4cFBetkgziSfDf4EWg==\\\",\\\"code\\\":\\\"NPCI\\\"}}}\",\"checksum\":\"5488877817eceb3736af6fcf3b7fa21b76cccebee9cf08570eb8ef0e15fc3f98\",\"amount\":\"100.00\",\"accountReferenceId\":\"[REDACTED]\"}",
                "api_tag": "tag12",
                "end_time": 1753121716324,
                "start_time": 1753121714023
            },
            "level": "info",
            "subcategory": "network"
        },
        {
            "value": {
                "payload": {
                    "payload": {
                        "requestID": "c8f46b23-2127-4f54-8123-50fa45d23d6f"
                    },
                    "event": "hide_loader"
                }
            },
            "level": "info",
            "subcategory": "hypersdk"
        },
        {
            "value": {
                "ended": {
                    "errorMessage": "",
                    "requestId": "c8f46b23-2127-4f54-8123-50fa45d23d6f",
                    "service": "in.juspay.hyperapi",
                    "payload": {
                        "payeeMcc": "0000",
                        "transactionTimestamp": "2025-07-21T23:45:14+05:30",
                        "customerMobileNumber": "[REDACTED]",
                        "gatewayReferenceId": "520209213720",
                        "bankAccountUniqueId": "[REDACTED]",
                        "bankCode": "[REDACTED]",
                        "refUrl": "https://www.juspay.io/in/",
                        "status": "SUCCESS",
                        "gatewayResponseCode": "S97",
                        "payType": "SCAN_PAY",
                        "action": "upiSendMoney",
                        "gatewayTransactionId": "YJP[REDACTED]",
                        "maskedAccountNumber": "XXXXXX8557",
                        "udfParameters": "{}",
                        "gatewayResponseMessage": "FAILURE",
                        "merchantRequestId": "[REDACTED]",
                        "amount": "100.00",
                        "customerVpa": "[REDACTED]"
                    },
                    "errorCode": "",
                    "event": "process_result",
                    "error": false
                }
            },
            "level": "info",
            "subcategory": "hypersdk"
        },
        {
            "value": {
                "ended": {
                    "errorMessage": "",
                    "requestId": "c8f46b23-2127-4f54-8123-50fa45d23d6f",
                    "service": "in.juspay.ec",
                    "payload": {
                        "payeeMcc": "0000",
                        "transactionTimestamp": "2025-07-21T23:45:14+05:30",
                        "customerMobileNumber": "[REDACTED]",
                        "gatewayReferenceId": "520209213720",
                        "bankAccountUniqueId": "[REDACTED]",
                        "bankCode": "[REDACTED]",
                        "refUrl": "https://www.juspay.io/in/",
                        "status": "SUCCESS",
                        "gatewayResponseCode": "S97",
                        "payType": "SCAN_PAY",
                        "action": "upiSendMoney",
                        "gatewayTransactionId": "YJP[REDACTED]",
                        "maskedAccountNumber": "XXXXXX8557",
                        "udfParameters": "{}",
                        "gatewayResponseMessage": "FAILURE",
                        "merchantRequestId": "[REDACTED]",
                        "amount": "100.00",
                        "customerVpa": "[REDACTED]"
                    },
                    "errorCode": "",
                    "error": false
                }
            },
            "os": "android",
            "level": "info",
            "subcategory": "microapp"
        },
        {
            "value": {
                "loader": "hide",
                "disableLoader": false,
                "forceLoader": false,
                "merchantLoader": true
            },
            "os": "android",
            "level": "info",
            "subcategory": "system"
        },
        {
            "value": {
                "data": {
                    "os_eval_scope": 281,
                    "os_main": 364,
                    "in.juspay.hyperupi": {
                        "ready": 1693,
                        "gettingblockmjos": 1,
                        "attaching": 2,
                        "checkandloadfiles": 2,
                        "createhooks": 0
                    },
                    "mjos_download": 23,
                    "onmerchantevent": 5124,
                    "in.juspay.hyperapi": {
                        "ready": 143,
                        "gettingblockmjos": 4,
                        "attaching": 4,
                        "checkandloadfiles": 6,
                        "createhooks": 3
                    },
                    "os_loadjosconfig": 5,
                    "postconfig": 272,
                    "in.juspay.inappupi": {
                        "ready": 1943,
                        "gettingblockmjos": 0,
                        "attaching": 2348,
                        "checkandloadfiles": 2,
                        "createhooks": 0
                    },
                    "in.juspay.ec": {
                        "ready": 591,
                        "gettingblockmjos": 0,
                        "attaching": 9,
                        "checkandloadfiles": 5,
                        "createhooks": 0
                    },
                    "waitfordevicename": 0
                }
            },
            "os": "android",
            "level": "debug",
            "subcategory": "system"
        },
        {
            "value": {
                "isInitialised()": {
                    "sdkState": "INITIATE_COMPLETED",
                    "isInitialised": true
                }
            },
            "level": "info",
            "subcategory": "hypersdk"
        },
        {
            "value": {
                "called_and_started": {
                    "requestId": "661ba6ed-8806-4b38-8a0c-fafd2ad2ddd1",
                    "service": "in.juspay.hyperapi",
                    "payload": {
                        "currentActivityId": "50f21767-010e-48e8-ad19-4d229029f673",
                        "mcc": "0000",
                        "upiRequestId": "YJP[REDACTED]",
                        "signaturePayload": "[REDACTED]",
                        "processStartedTime": 1753121719616,
                        "merchant_root_view": "16908290",
                        "timestamp": "1753121719612",
                        "payeeName": "Chandra Bhal",
                        "payType": "SCAN_PAY",
                        "remarks": "UPI",
                        "currency": "INR",
                        "payeeVpa": "[REDACTED]",
                        "action": "upiSendMoney",
                        "accountReferenceId": "[REDACTED]",
                        "protected": "[REDACTED]",
                        "signature": "[REDACTED]",
                        "amount": "100.00",
                        "customerVpa": "[REDACTED]",
                        "merchant_keyboard_mode": 16
                    }
                }
            },
            "level": "info",
            "subcategory": "hypersdk"
        },
        {
            "value": {
                "started": {
                    "requestId": "661ba6ed-8806-4b38-8a0c-fafd2ad2ddd1",
                    "service": "in.juspay.hyperapi",
                    "payload": {
                        "currentActivityId": "50f21767-010e-48e8-ad19-4d229029f673",
                        "mcc": "0000",
                        "upiRequestId": "YJP[REDACTED]",
                        "signaturePayload": "[REDACTED]",
                        "processStartedTime": 1753121719616,
                        "merchant_root_view": "16908290",
                        "timestamp": "1753121719612",
                        "payeeName": "Chandra Bhal",
                        "payType": "SCAN_PAY",
                        "remarks": "UPI",
                        "currency": "INR",
                        "payeeVpa": "[REDACTED]",
                        "action": "upiSendMoney",
                        "accountReferenceId": "[REDACTED]",
                        "protected": "[REDACTED]",
                        "signature": "[REDACTED]",
                        "amount": "100.00",
                        "customerVpa": "[REDACTED]",
                        "merchant_keyboard_mode": 16
                    }
                }
            },
            "level": "info",
            "subcategory": "hypersdk"
        },
        {
            "value": {
                "main_thread_handover": 59
            },
            "level": "debug",
            "subcategory": "hypersdk"
        },
        {
            "value": {
                "SERVICE_INITIATED": "true"
            },
            "level": "debug",
            "subcategory": "system"
        },
        {
            "value": {
                "NPCI_CL": "OPENED"
            },
            "level": "debug",
            "subcategory": "system"
        },
        {
            "value": {
                "started": {
                    "requestId": "661ba6ed-8806-4b38-8a0c-fafd2ad2ddd1",
                    "service": "in.juspay.hyperapi",
                    "payload": {
                        "currentActivityId": "50f21767-010e-48e8-ad19-4d229029f673",
                        "mcc": "0000",
                        "upiRequestId": "YJP[REDACTED]",
                        "signaturePayload": "[REDACTED]",
                        "processStartedTime": 1753121719616,
                        "merchant_root_view": "16908290",
                        "timestamp": "1753121719612",
                        "payeeName": "Chandra Bhal",
                        "payType": "SCAN_PAY",
                        "remarks": "UPI",
                        "currency": "INR",
                        "payeeVpa": "[REDACTED]",
                        "action": "upiSendMoney",
                        "accountReferenceId": "[REDACTED]",
                        "protected": "[REDACTED]",
                        "signature": "[REDACTED]",
                        "amount": "100.00",
                        "customerVpa": "[REDACTED]",
                        "merchant_keyboard_mode": 16
                    }
                }
            },
            "os": "android",
            "level": "info",
            "subcategory": "system"
        },
        {
            "value": {
                "client_id": "merchantX"
            },
            "os": "android",
            "level": "info",
            "subcategory": "payment"
        },
        {
            "value": {
                "started": {
                    "requestId": "661ba6ed-8806-4b38-8a0c-fafd2ad2ddd1",
                    "service": "in.juspay.ec",
                    "payload": {
                        "currentActivityId": "50f21767-010e-48e8-ad19-4d229029f673",
                        "mcc": "0000",
                        "upiRequestId": "YJP[REDACTED]",
                        "signaturePayload": "[REDACTED]",
                        "processStartedTime": 1753121719616,
                        "merchant_root_view": "16908290",
                        "timestamp": "1753121719612",
                        "payeeName": "Chandra Bhal",
                        "payType": "SCAN_PAY",
                        "remarks": "UPI",
                        "lifecycleId": "sdk:[REDACTED]/os:0eab1939-dfbd-4397-97cf-86292ed9f013",
                        "currency": "INR",
                        "payeeVpa": "[REDACTED]",
                        "action": "upiSendMoney",
                        "accountReferenceId": "[REDACTED]",
                        "protected": "[REDACTED]",
                        "signature": "[REDACTED]",
                        "amount": "100.00",
                        "customerVpa": "[REDACTED]",
                        "merchant_keyboard_mode": 16
                    }
                }
            },
            "os": "android",
            "level": "info",
            "subcategory": "microapp"
        },
        {
            "value": {
                "order_id": "",
                "client_id": "merchantX",
                "merchant_id": ""
            },
            "os": "android",
            "level": "info",
            "subcategory": "device"
        },
        {
            "value": {
                "title": "CL_VERSION",
                "value": "1.8"
            },
            "os": "ANDROID",
            "level": "info",
            "subcategory": "system"
        },
        {
            "value": {
                "status": "OPENED"
            },
            "os": "ANDROID",
            "level": "info",
            "subcategory": "system"
        },
        {
            "value": {
                "title": "CL_STATUS_INFO",
                "value": "{\"cl_status\":\"opened\"}"
            },
            "os": "ANDROID",
            "level": "info",
            "subcategory": "system"
        },
        {
            "value": {
                "salt": "[REDACTED]",
                "payInfoArray": "[{\"value\":\"100.00\",\"name\":\"txnAmount\"},{\"value\":\"Punjab National Bank\",\"name\":\"Bank\"},{\"value\":\"Chandra Bhal\",\"name\":\"payeeName\"},{\"value\":\"XXXXXX8557\",\"name\":\"account\"}]",
                "trustCred": "[REDACTED]",
                "configuration": "{\"verifiedMerchant\":\"false\",\"resendIssuerOTPFeature\":\"false\",\"resendAadhaarOTPFeature\":\"false\",\"payerBankName\":\"Punjab National Bank\",\"issuerResendOTPLimit\":\"2\",\"isAuthOffline\":\"false\",\"imageUrl\":\"https://www.someurl.com/bankimage.jpg\",\"getDeviceDetails\":\"false\",\"forgotUpiPINEnabled\":\"false\",\"enableUserAuth\":\"false\",\"color\":\"#123123\",\"captureCardDetails\":\"false\",\"backgroundColor\":\"#123123\",\"aadhaarResendOTPLimit\":\"1\"}",
                "credAllowed": "{\"CredAllowed\":[{\"type\":\"PIN\",\"subtype\":\"MPIN\",\"dType\":\"NUM\",\"dLength\":\"6\"}]}",
                "languagePref": "en_Us",
                "keyCode": "NPCI",
                "listKeyPayload": "[REDACTED]",
                "npciToken": "[REDACTED]"
            },
            "os": "ANDROID",
            "level": "info",
            "subcategory": "system"
        },
        {
            "value": {
                "status": "CLOSED"
            },
            "os": "android",
            "level": "info",
            "subcategory": "system"
        },
        {
            "value": {
                "title": "CL_STATUS_INFO",
                "value": "{\"mpinSubmitted\":true,\"latency\":8389.5,\"cl_status\":\"closed\"}"
            },
            "os": "android",
            "level": "info",
            "subcategory": "system"
        },
        {
            "value": {
                "title": "GET_CREDS_DIFF",
                "value": {
                    "diffInMs": 0
                }
            },
            "os": "android",
            "level": "info",
            "subcategory": "system"
        },
        {
            "value": {
                "title": "CACHE_VALIDITY",
                "value": "{ expiryType: \"HARD_EXPIRED\", key: \"SESSION_PARAMS_\", validFor: -1.0 }"
            },
            "os": "android",
            "level": "info",
            "subcategory": "system"
        },
        {
            "value": {
                "title": "AUTH_STATUS",
                "value": {
                    "key": "SESSION_PARAMS_",
                    "expiryType": "HARD_EXPIRED",
                    "cachedAtTs": 0
                }
            },
            "os": "android",
            "level": "info",
            "subcategory": "system"
        },
        {
            "value": {
                "title": "CACHE_VALIDITY",
                "value": "{ expiryType: \"VALID\", key: \"AUTH_PD\", validFor: 1574362.0 }"
            },
            "os": "android",
            "level": "info",
            "subcategory": "system"
        },
        {
            "value": {
                "title": "AUTH_STATUS",
                "value": {
                    "key": "AUTH_PD",
                    "expiryType": "VALID",
                    "cachedAtTs": 1753121488353
                }
            },
            "os": "android",
            "level": "info",
            "subcategory": "system"
        },
        {
            "value": {
                "title": "CACHE_VALIDITY",
                "value": "{ expiryType: \"VALID\", key: \"PSP_SESSION_TKN\", validFor: 380402.0 }"
            },
            "os": "android",
            "level": "info",
            "subcategory": "system"
        },
        {
            "value": {
                "title": "AUTH_STATUS",
                "value": {
                    "key": "PSP_SESSION_TKN",
                    "expiryType": "VALID",
                    "cachedAtTs": 1753121494400
                }
            },
            "os": "android",
            "level": "info",
            "subcategory": "system"
        },
        {
            "value": {
                "other_info": {
                    "error": "__fnf"
                },
                "error_msg": "SDK internal error",
                "status": "FAILURE",
                "error_code": "JP_001"
            },
            "os": "android",
            "level": "exception",
            "subcategory": "system"
        },
        {
            "value": {
                "latency": "2308.5",
                "url": "https://endpoint/transactions/sendMoney"
            },
            "os": "android",
            "level": "info",
            "subcategory": "system"
        },
        {
            "value": {
                "ended": {
                    "errorMessage": "",
                    "requestId": "c8f46b23-2127-4f54-8123-50fa45d23d6f",
                    "service": "in.juspay.inappupi",
                    "payload": {
                        "payeeMcc": "0000",
                        "transactionTimestamp": "2025-07-21T23:45:14+05:30",
                        "customerMobileNumber": "[REDACTED]",
                        "gatewayReferenceId": "520209213720",
                        "bankAccountUniqueId": "[REDACTED]",
                        "bankCode": "[REDACTED]",
                        "refUrl": "https://www.juspay.io/in/",
                        "status": "SUCCESS",
                        "gatewayResponseCode": "S97",
                        "payType": "SCAN_PAY",
                        "action": "upiSendMoney",
                        "gatewayTransactionId": "YJP[REDACTED]",
                        "maskedAccountNumber": "XXXXXX8557",
                        "udfParameters": "{}",
                        "gatewayResponseMessage": "FAILURE",
                        "merchantRequestId": "[REDACTED]",
                        "amount": "100.00",
                        "customerVpa": "[REDACTED]"
                    },
                    "errorCode": "",
                    "event": "process_result",
                    "error": false
                }
            },
            "os": "android",
            "level": "info",
            "subcategory": "microapp"
        },
        {
            "value": {
                "Latency": {
                    "latency": 10833,
                    "latency_sub_ms": 10833.5,
                    "action": "upiSendMoney",
                    "end_time": 1753121716335,
                    "start_time": 1753121705502
                }
            },
            "os": "android",
            "level": "info",
            "subcategory": "system"
        },
        {
            "value": {
                "ended": {
                    "errorMessage": "",
                    "requestId": "c8f46b23-2127-4f54-8123-50fa45d23d6f",
                    "service": "in.juspay.inappupi",
                    "payload": "{\"udfParameters\":\"{}\",\"transactionTimestamp\":\"2025-07-21T23:45:14+05:30\",\"status\":\"SUCCESS\",\"refUrl\":\"https://www.juspay.io/in/\",\"payeeMcc\":\"0000\",\"payType\":\"SCAN_PAY\",\"merchantRequestId\":\"[REDACTED]\",\"maskedAccountNumber\":\"XXXXXX8557\",\"gatewayTransactionId\":\"YJP[REDACTED]\",\"gatewayResponseMessage\":\"FAILURE\",\"gatewayResponseCode\":\"S97\",\"gatewayReferenceId\":\"520209213720\",\"customerVpa\":\"[REDACTED]\",\"customerMobileNumber\":\"[REDACTED]\",\"bankCode\":\"[REDACTED]\",\"bankAccountUniqueId\":\"[REDACTED]\",\"amount\":\"100.00\",\"action\":\"upiSendMoney\"}",
                    "errorCode": "",
                    "error": false
                }
            },
            "os": "android",
            "level": "info",
            "subcategory": "microapp"
        },
        {
            "value": {
                "started": {
                    "requestId": "661ba6ed-8806-4b38-8a0c-fafd2ad2ddd1",
                    "service": "in.juspay.inappupi",
                    "payload": "{\"service\":\"in.juspay.inappupi\",\"requestId\":\"661ba6ed-8806-4b38-8a0c-fafd2ad2ddd1\",\"payload\":{\"action\":\"upiSendMoney\",\"signature\":\"signatureValue\",\"signaturePayload\":\"signaturePayloadValue\",\"protected\":\"protectedKey\",\"timestamp\":\"1753121719612\",\"remarks\":\"UPI\",\"payeeVpa\":\"[REDACTED]\",\"payeeName\":\"Chandra Bhal\",\"mcc\":\"0000\",\"payType\":\"SCAN_PAY\",\"customerVpa\":\"[REDACTED]\",\"currency\":\"INR\",\"amount\":\"100.00\",\"accountReferenceId\":\"[REDACTED]\",\"upiRequestId\":\"YJP[REDACTED]\",\"merchant_root_view\":\"16908290\",\"merchant_keyboard_mode\":16,\"processStartedTime\":1753121719616,\"currentActivityId\":\"50f21767-010e-48e8-ad19-4d229029f673\",\"lifecycleId\":\"sdk:[REDACTED]/os:78355b24-0061-48b9-9e2e-48d11a04dbd5\"},\"lifecycleId\":\"sdk:[REDACTED]/os:78355b24-0061-48b9-9e2e-48d11a04dbd5\"}"
                }
            },
            "os": "android",
            "level": "info",
            "subcategory": "microapp"
        },
        {
            "value": {
                "started": {
                    "requestId": "661ba6ed-8806-4b38-8a0c-fafd2ad2ddd1",
                    "service": "in.juspay.inappupi",
                    "payload": {
                        "transactionReference": null,
                        "purpose": null,
                        "mcc": "0000",
                        "upiRequestId": "YJP[REDACTED]",
                        "payeeAccountReferenceId": null,
                        "signaturePayload": "[REDACTED]",
                        "liteFlow": null,
                        "merchantKeyId": null,
                        "baseCurr": null,
                        "refUrl": null,
                        "splitDetails": null,
                        "timestamp": "1753121719612",
                        "payeeName": "Chandra Bhal",
                        "refCategory": null,
                        "payType": "SCAN_PAY",
                        "baseAmount": null,
                        "remarks": "UPI",
                        "useUpiLite": null,
                        "currency": "INR",
                        "payeeVpa": "[REDACTED]",
                        "action": "upiSendMoney",
                        "upiNumber": null,
                        "accountReferenceId": "[REDACTED]",
                        "udfParameters": null,
                        "signature": "[REDACTED]",
                        "initiationMode": null,
                        "lrn": null,
                        "merchantRequestId": null,
                        "amount": "100.00",
                        "customerVpa": "[REDACTED]",
                        "clientAuthToken": null,
                        "originalTransactionUpiRequestId": null
                    },
                    "lifeCycleId": null
                }
            },
            "os": "android",
            "level": "info",
            "subcategory": "microapp"
        },
        {
            "value": {
                "title": "CL_VERSION",
                "value": "1.8"
            },
            "os": "android",
            "level": "info",
            "subcategory": "system"
        },
        {
            "value": {
                "status": "OPENED"
            },
            "os": "android",
            "level": "info",
            "subcategory": "system"
        },
        {
            "value": {
                "title": "CL_STATUS_INFO",
                "value": "{\"cl_status\":\"opened\"}"
            },
            "os": "android",
            "level": "info",
            "subcategory": "system"
        },
        {
            "value": {
                "salt": "[REDACTED]",
                "payInfoArray": "[{\"value\":\"100.00\",\"name\":\"txnAmount\"},{\"value\":\"Punjab National Bank\",\"name\":\"Bank\"},{\"value\":\"Chandra Bhal\",\"name\":\"payeeName\"},{\"value\":\"XXXXXX8557\",\"name\":\"account\"}]",
                "trustCred": "[REDACTED]",
                "configuration": "{\"verifiedMerchant\":\"false\",\"resendIssuerOTPFeature\":\"false\",\"resendAadhaarOTPFeature\":\"false\",\"payerBankName\":\"Punjab National Bank\",\"issuerResendOTPLimit\":\"2\",\"isAuthOffline\":\"false\",\"imageUrl\":\"https://www.someurl.com/bankimage.jpg\",\"getDeviceDetails\":\"false\",\"forgotUpiPINEnabled\":\"false\",\"enableUserAuth\":\"false\",\"color\":\"#123123\",\"captureCardDetails\":\"false\",\"backgroundColor\":\"#123123\",\"aadhaarResendOTPLimit\":\"1\"}",
                "credAllowed": "{\"CredAllowed\":[{\"type\":\"PIN\",\"subtype\":\"MPIN\",\"dType\":\"NUM\",\"dLength\":\"6\"}]}",
                "languagePref": "en_Us",
                "keyCode": "NPCI",
                "listKeyPayload": "[REDACTED]",
                "npciToken": "[REDACTED]"
            },
            "os": "android",
            "level": "info",
            "subcategory": "system"
        },
        {
            "value": {
                "event": "onPause"
            },
            "os": "ANDROID",
            "level": "debug",
            "subcategory": "system"
        },
        {
            "value": {
                "event": "onStop"
            },
            "os": "ANDROID",
            "level": "debug",
            "subcategory": "system"
        },
        {
            "value": {
                "event": "OnSavedStateInstance"
            },
            "os": "ANDROID",
            "level": "debug",
            "subcategory": "system"
        },
        {
            "value": {
                "GET_CREDENTIALS_RESP": "[REDACTED]"
            },
            "os": "ANDROID",
            "level": "debug",
            "subcategory": "system"
        },
        {
            "value": {
                "method": "POST",
                "url": "https://endpoint/transactions/sendMoney",
                "options": "{}",
                "payload": "{\"upiRequestId\":\"YJP[REDACTED]\",\"udfParameters\":\"{}\",\"timestamp\":\"1753121719612\",\"remarks\":\"UPI\",\"payeeVpa\":\"[REDACTED]\",\"payeeName\":\"Chandra Bhal\",\"payType\":\"SCAN_PAY\",\"merchantRequestId\":\"[REDACTED]\",\"merchantId\":\"merchantX\",\"merchantCustomerId\":\"[REDACTED]\",\"merchantChannelId\":\"merchantXAPP\",\"mcc\":\"0000\",\"location\":\"DEFAULT\",\"geocode\":\"00.000000,00.000000\",\"customerVpa\":\"[REDACTED]\",\"currency\":\"INR\",\"credBlock\":\"{\\\"mpincred\\\":{\\\"type\\\":\\\"PIN\\\",\\\"subType\\\":\\\"MPIN\\\",\\\"data\\\":{\\\"ki\\\":\\\"20150822\\\",\\\"encryptedBase64String\\\":\\\"2.3-v1.8|QTqSQlXpQ2ieIQxdSa1Kh+7NOU9gf8V8vQaUyUZSdnbngVVfYTrGxwRu7TB4Pci/J1HtQb6N/ZmAI/KXJB7BCK9YJvmQL4cdrPoiXcY8wqwRhHoO+t+/BoyTtAPXceA71gtqX+1RaQn+j+VTn/+B52AUOLoAQebgYaKEjCo6RdoRS4P/Y6/EicCR65mxts+4rH9cXLbFoAz+1J8kxc8KEsCSFAxEd5AeZWFYSCqdo+lZh9uVzh7G4wX2dTStnF+Z+jXpR9km9pImo8VTHuDrL1yCze9M7tA5cCI6QB2kd/IYqSUlZrqvbjtwFr2hOC8yBFFG3LvNpArKvafXR+3PPA==\\\",\\\"code\\\":\\\"NPCI\\\"}}}\",\"checksum\":\"06931907285f04150ebe1ecfb18437cd029a6bd01920ae9decfe0d435a66f352\",\"amount\":\"100.00\",\"accountReferenceId\":\"[REDACTED]\"}",
                "start_time": 1753121723954
            },
            "os": "ANDROID",
            "level": "info",
            "subcategory": "network"
        },
        {
            "value": {
                "method": "POST",
                "url": "https://endpoint/transactions/sendMoney",
                "payload": null,
                "api_tag": "tag13",
                "start_time": 1753121723955
            },
            "os": "ANDROID",
            "level": "info",
            "subcategory": "network"
        },
        {
            "value": {
                "event": "onResume"
            },
            "os": "ANDROID",
            "level": "debug",
            "subcategory": "system"
        },
        {
            "value": {
                "response": "{\"merchantPayload\":{\"amount\":\"100.00\",\"maskedAccountNumber\":\"XXXXXX8557\",\"refUrl\":\"https://www.juspay.io/in/\",\"payeeMcc\":\"0000\",\"gatewayResponseMessage\":\"FAILURE\",\"gatewayResponseCode\":\"S94\",\"gatewayReferenceId\":\"520209214172\",\"gatewayTransactionId\":\"YJP[REDACTED]\",\"customerMobileNumber\":\"[REDACTED]\",\"transactionTimestamp\":\"2025-07-21T23:45:24+05:30\",\"payType\":\"SCAN_PAY\",\"bankCode\":\"[REDACTED]\",\"customerVpa\":\"[REDACTED]\",\"bankAccountUniqueId\":\"[REDACTED]\"},\"status\":\"SUCCESS\",\"responseMessage\":\"SUCCESS\",\"merchantPayloadSignature\":\"196b25bca7b6a78666a29569b494064a5495504b07a5cae23119af810919f935c12e9c1444da0ac35152e30cdc4b0fa5d5f0bb52a2b94c68ea75ff4e5a6f5ace6387c1a588887b525ff01e490a77f371852b3f5d1efe523939167eac3d65713e8a9e8b49279d8b9bcdfa72cf8b701cd72e5ec4d3541654743150a9bf9edd1cd706f7f8f306c97e4220894d1e1b53118fd848c96a08be6aca27197362816813b59a6141144c184c0fac0dff54788b67513b0d8a5abe1559a26f8f62b3bc77f148ade7d985f0fe60a53867ccd42254e45c2a29f8308a96101eee8da4c408695a71c9fb9a208c08d93552b9b0576cc0057b7f70410bdf08b3f08df17c6f98f37acc\",\"responseCode\":\"SUCCESS\",\"sdkChecksum\":\"58b8595b85aa60ac5542e07ab7d0ae252efcc9cd5001c76f63ae6ce5bbb3bdf2\",\"sdkPayload\":{},\"udfParameters\":\"{}\"}",
                "method": "POST",
                "url": "https://endpoint/transactions/sendMoney",
                "status_code": 200,
                "payload": "{\"upiRequestId\":\"YJP[REDACTED]\",\"udfParameters\":\"{}\",\"timestamp\":\"1753121719612\",\"remarks\":\"UPI\",\"payeeVpa\":\"[REDACTED]\",\"payeeName\":\"Chandra Bhal\",\"payType\":\"SCAN_PAY\",\"merchantRequestId\":\"[REDACTED]\",\"merchantId\":\"merchantX\",\"merchantCustomerId\":\"[REDACTED]\",\"merchantChannelId\":\"merchantXAPP\",\"mcc\":\"0000\",\"location\":\"DEFAULT\",\"geocode\":\"00.000000,00.000000\",\"customerVpa\":\"[REDACTED]\",\"currency\":\"INR\",\"credBlock\":\"{\\\"mpincred\\\":{\\\"type\\\":\\\"PIN\\\",\\\"subType\\\":\\\"MPIN\\\",\\\"data\\\":{\\\"ki\\\":\\\"20150822\\\",\\\"encryptedBase64String\\\":\\\"2.3-v1.8|QTqSQlXpQ2ieIQxdSa1Kh+7NOU9gf8V8vQaUyUZSdnbngVVfYTrGxwRu7TB4Pci/J1HtQb6N/ZmAI/KXJB7BCK9YJvmQL4cdrPoiXcY8wqwRhHoO+t+/BoyTtAPXceA71gtqX+1RaQn+j+VTn/+B52AUOLoAQebgYaKEjCo6RdoRS4P/Y6/EicCR65mxts+4rH9cXLbFoAz+1J8kxc8KEsCSFAxEd5AeZWFYSCqdo+lZh9uVzh7G4wX2dTStnF+Z+jXpR9km9pImo8VTHuDrL1yCze9M7tA5cCI6QB2kd/IYqSUlZrqvbjtwFr2hOC8yBFFG3LvNpArKvafXR+3PPA==\\\",\\\"code\\\":\\\"NPCI\\\"}}}\",\"checksum\":\"06931907285f04150ebe1ecfb18437cd029a6bd01920ae9decfe0d435a66f352\",\"amount\":\"100.00\",\"accountReferenceId\":\"[REDACTED]\"}",
                "api_tag": "tag13",
                "end_time": 1753121724143,
                "start_time": 1753121723955
            },
            "os": "ANDROID",
            "level": "info",
            "subcategory": "network"
        },
        {
            "value": {
                "ended": {
                    "errorMessage": "",
                    "requestId": "661ba6ed-8806-4b38-8a0c-fafd2ad2ddd1",
                    "service": "in.juspay.ec",
                    "payload": {
                        "payeeMcc": "0000",
                        "transactionTimestamp": "2025-07-21T23:45:24+05:30",
                        "customerMobileNumber": "[REDACTED]",
                        "gatewayReferenceId": "520209214172",
                        "bankAccountUniqueId": "[REDACTED]",
                        "bankCode": "[REDACTED]",
                        "refUrl": "https://www.juspay.io/in/",
                        "status": "SUCCESS",
                        "gatewayResponseCode": "S94",
                        "payType": "SCAN_PAY",
                        "action": "upiSendMoney",
                        "gatewayTransactionId": "YJP[REDACTED]",
                        "maskedAccountNumber": "XXXXXX8557",
                        "udfParameters": "{}",
                        "gatewayResponseMessage": "FAILURE",
                        "merchantRequestId": "[REDACTED]",
                        "amount": "100.00",
                        "customerVpa": "[REDACTED]"
                    },
                    "errorCode": "",
                    "error": false
                }
            },
            "os": "ANDROID",
            "level": "info",
            "subcategory": "microapp"
        },
        {
            "value": {
                "loader": "hide",
                "disableLoader": false,
                "forceLoader": false,
                "merchantLoader": true
            },
            "os": "ANDROID",
            "level": "info",
            "subcategory": "system"
        },
        {
            "value": {
                "payload": {
                    "payload": {
                        "requestID": "661ba6ed-8806-4b38-8a0c-fafd2ad2ddd1"
                    },
                    "event": "hide_loader"
                }
            },
            "os": "ANDROID",
            "level": "info",
            "subcategory": "hypersdk"
        },
        {
            "value": {
                "ended": {
                    "errorMessage": "",
                    "requestId": "661ba6ed-8806-4b38-8a0c-fafd2ad2ddd1",
                    "service": "in.juspay.hyperapi",
                    "payload": {
                        "payeeMcc": "0000",
                        "transactionTimestamp": "2025-07-21T23:45:24+05:30",
                        "customerMobileNumber": "[REDACTED]",
                        "gatewayReferenceId": "520209214172",
                        "bankAccountUniqueId": "[REDACTED]",
                        "bankCode": "[REDACTED]",
                        "refUrl": "https://www.juspay.io/in/",
                        "status": "SUCCESS",
                        "gatewayResponseCode": "S94",
                        "payType": "SCAN_PAY",
                        "action": "upiSendMoney",
                        "gatewayTransactionId": "YJP[REDACTED]",
                        "maskedAccountNumber": "XXXXXX8557",
                        "udfParameters": "{}",
                        "gatewayResponseMessage": "FAILURE",
                        "merchantRequestId": "[REDACTED]",
                        "amount": "100.00",
                        "customerVpa": "[REDACTED]"
                    },
                    "errorCode": "",
                    "event": "process_result",
                    "error": false
                }
            },
            "os": "ANDROID",
            "level": "info",
            "subcategory": "hypersdk"
        },
        {
            "value": {
                "data": {
                    "os_eval_scope": 281,
                    "os_main": 364,
                    "in.juspay.hyperupi": {
                        "ready": 1693,
                        "gettingblockmjos": 1,
                        "attaching": 2,
                        "checkandloadfiles": 2,
                        "createhooks": 0
                    },
                    "mjos_download": 23,
                    "onmerchantevent": 14210,
                    "in.juspay.hyperapi": {
                        "ready": 143,
                        "gettingblockmjos": 4,
                        "attaching": 4,
                        "checkandloadfiles": 6,
                        "createhooks": 3
                    },
                    "os_loadjosconfig": 5,
                    "postconfig": 272,
                    "in.juspay.inappupi": {
                        "ready": 1943,
                        "gettingblockmjos": 0,
                        "attaching": 2348,
                        "checkandloadfiles": 2,
                        "createhooks": 0
                    },
                    "in.juspay.ec": {
                        "ready": 591,
                        "gettingblockmjos": 0,
                        "attaching": 9,
                        "checkandloadfiles": 5,
                        "createhooks": 0
                    },
                    "waitfordevicename": 0
                }
            },
            "os": "ANDROID",
            "level": "debug",
            "subcategory": "system"
        },
        {
            "value": {
                "status": "CLOSED"
            },
            "os": "ANDROID",
            "level": "info",
            "subcategory": "system"
        },
        {
            "value": {
                "title": "CL_STATUS_INFO",
                "value": "{\"mpinSubmitted\":true,\"latency\":4181.9000000003725,\"cl_status\":\"closed\"}"
            },
            "os": "ANDROID",
            "level": "info",
            "subcategory": "system"
        },
        {
            "value": {
                "title": "GET_CREDS_DIFF",
                "value": {
                    "diffInMs": 0
                }
            },
            "os": "ANDROID",
            "level": "info",
            "subcategory": "system"
        },
        {
            "value": {
                "title": "CACHE_VALIDITY",
                "value": "{ expiryType: \"HARD_EXPIRED\", key: \"SESSION_PARAMS_\", validFor: -1.0 }"
            },
            "os": "ANDROID",
            "level": "info",
            "subcategory": "system"
        },
        {
            "value": {
                "title": "AUTH_STATUS",
                "value": {
                    "key": "SESSION_PARAMS_",
                    "expiryType": "HARD_EXPIRED",
                    "cachedAtTs": 0
                }
            },
            "os": "ANDROID",
            "level": "info",
            "subcategory": "system"
        },
        {
            "value": {
                "title": "CACHE_VALIDITY",
                "value": "{ expiryType: \"VALID\", key: \"AUTH_PD\", validFor: 1564424.0 }"
            },
            "os": "ANDROID",
            "level": "info",
            "subcategory": "system"
        },
        {
            "value": {
                "title": "AUTH_STATUS",
                "value": {
                    "key": "AUTH_PD",
                    "expiryType": "VALID",
                    "cachedAtTs": 1753121488353
                }
            },
            "os": "ANDROID",
            "level": "info",
            "subcategory": "system"
        },
        {
            "value": {
                "title": "CACHE_VALIDITY",
                "value": "{ expiryType: \"VALID\", key: \"PSP_SESSION_TKN\", validFor: 370464.0 }"
            },
            "os": "ANDROID",
            "level": "info",
            "subcategory": "system"
        },
        {
            "value": {
                "title": "AUTH_STATUS",
                "value": {
                    "key": "PSP_SESSION_TKN",
                    "expiryType": "VALID",
                    "cachedAtTs": 1753121494400
                }
            },
            "os": "ANDROID",
            "level": "info",
            "subcategory": "system"
        },
        {
            "value": {
                "other_info": {
                    "error": "__fnf"
                },
                "error_msg": "SDK internal error",
                "status": "FAILURE",
                "error_code": "JP_001"
            },
            "os": "ANDROID",
            "level": "exception",
            "subcategory": "system"
        },
        {
            "value": {
                "latency": "195.30000000074506",
                "url": "https://endpoint/transactions/sendMoney"
            },
            "os": "ANDROID",
            "level": "info",
            "subcategory": "system"
        },
        {
            "value": {
                "ended": {
                    "errorMessage": "",
                    "requestId": "661ba6ed-8806-4b38-8a0c-fafd2ad2ddd1",
                    "service": "in.juspay.inappupi",
                    "payload": {
                        "payeeMcc": "0000",
                        "transactionTimestamp": "2025-07-21T23:45:24+05:30",
                        "customerMobileNumber": "[REDACTED]",
                        "gatewayReferenceId": "520209214172",
                        "bankAccountUniqueId": "[REDACTED]",
                        "bankCode": "[REDACTED]",
                        "refUrl": "https://www.juspay.io/in/",
                        "status": "SUCCESS",
                        "gatewayResponseCode": "S94",
                        "payType": "SCAN_PAY",
                        "action": "upiSendMoney",
                        "gatewayTransactionId": "YJP[REDACTED]",
                        "maskedAccountNumber": "XXXXXX8557",
                        "udfParameters": "{}",
                        "gatewayResponseMessage": "FAILURE",
                        "merchantRequestId": "[REDACTED]",
                        "amount": "100.00",
                        "customerVpa": "[REDACTED]"
                    },
                    "errorCode": "",
                    "event": "process_result",
                    "error": false
                }
            },
            "os": "ANDROID",
            "level": "info",
            "subcategory": "microapp"
        },
        {
            "value": {
                "Latency": {
                    "latency": 4455,
                    "latency_sub_ms": 4455.199999999255,
                    "action": "upiSendMoney",
                    "end_time": 1753121724147,
                    "start_time": 1753121719692
                }
            },
            "os": "ANDROID",
            "level": "info",
            "subcategory": "system"
        },
        {
            "value": {
                "ended": {
                    "errorMessage": "",
                    "requestId": "661ba6ed-8806-4b38-8a0c-fafd2ad2ddd1",
                    "service": "in.juspay.inappupi",
                    "payload": "{\"udfParameters\":\"{}\",\"transactionTimestamp\":\"2025-07-21T23:45:24+05:30\",\"status\":\"SUCCESS\",\"refUrl\":\"https://www.juspay.io/in/\",\"payeeMcc\":\"0000\",\"payType\":\"SCAN_PAY\",\"merchantRequestId\":\"[REDACTED]\",\"maskedAccountNumber\":\"XXXXXX8557\",\"gatewayTransactionId\":\"YJP[REDACTED]\",\"gatewayResponseMessage\":\"FAILURE\",\"gatewayResponseCode\":\"S94\",\"gatewayReferenceId\":\"520209214172\",\"customerVpa\":\"[REDACTED]\",\"customerMobileNumber\":\"[REDACTED]\",\"bankCode\":\"[REDACTED]\",\"bankAccountUniqueId\":\"[REDACTED]\",\"amount\":\"100.00\",\"action\":\"upiSendMoney\"}",
                    "errorCode": "",
                    "error": false
                }
            },
            "os": "ANDROID",
            "level": "info",
            "subcategory": "microapp"
        },
        {
            "value": {
                "isInitialised()": {
                    "sdkState": "INITIATE_COMPLETED",
                    "isInitialised": true
                }
            },
            "os": "ANDROID",
            "level": "info",
            "subcategory": "hypersdk"
        },
        {
            "value": {
                "called_and_started": {
                    "requestId": "9738e489-78ee-4538-a63c-242ee1f82ac8",
                    "service": "in.juspay.hyperapi",
                    "payload": {
                        "signaturePayload": "[REDACTED]",
                        "action": "upiValidVpa",
                        "protected": "[REDACTED]",
                        "signature": "[REDACTED]",
                        "customerVpa": "No available UPI666"
                    }
                }
            },
            "os": "ANDROID",
            "level": "info",
            "subcategory": "hypersdk"
        },
        {
            "value": {
                "started": {
                    "requestId": "9738e489-78ee-4538-a63c-242ee1f82ac8",
                    "service": "in.juspay.hyperapi",
                    "payload": {
                        "currentActivityId": "50f21767-010e-48e8-ad19-4d229029f673",
                        "signaturePayload": "[REDACTED]",
                        "processStartedTime": 1753121741277,
                        "merchant_root_view": "16908290",
                        "action": "upiValidVpa",
                        "protected": "[REDACTED]",
                        "signature": "[REDACTED]",
                        "customerVpa": "No available UPI666",
                        "merchant_keyboard_mode": 16
                    }
                }
            },
            "os": "ANDROID",
            "level": "info",
            "subcategory": "hypersdk"
        },
        {
            "value": {
                "method": "POST",
                "url": "https://endpoint/vpas/validity",
                "options": "{}",
                "payload": "{\"udfParameters\":\"{}\",\"merchantId\":\"merchantX\",\"merchantCustomerId\":\"[REDACTED]\",\"merchantChannelId\":\"merchantXAPP\",\"customerVpa\":\"No available UPI666\",\"checksum\":\"[REDACTED]\"}",
                "start_time": 1753121741444
            },
            "os": "ANDROID",
            "level": "info",
            "subcategory": "network"
        },
        {
            "value": {
                "method": "POST",
                "url": "https://endpoint/vpas/validity",
                "payload": null,
                "api_tag": "tag14",
                "start_time": 1753121741445
            },
            "os": "ANDROID",
            "level": "info",
            "subcategory": "network"
        },
        {
            "value": {
                "started": {
                    "requestId": "9738e489-78ee-4538-a63c-242ee1f82ac8",
                    "service": "in.juspay.hyperapi",
                    "payload": {
                        "currentActivityId": "50f21767-010e-48e8-ad19-4d229029f673",
                        "signaturePayload": "[REDACTED]",
                        "processStartedTime": 1753121741277,
                        "merchant_root_view": "16908290",
                        "action": "upiValidVpa",
                        "protected": "[REDACTED]",
                        "signature": "[REDACTED]",
                        "customerVpa": "No available UPI666",
                        "merchant_keyboard_mode": 16
                    }
                }
            },
            "os": "ANDROID",
            "level": "info",
            "subcategory": "system"
        },
        {
            "value": {
                "started": {
                    "requestId": "9738e489-78ee-4538-a63c-242ee1f82ac8",
                    "service": "in.juspay.ec",
                    "payload": {
                        "currentActivityId": "50f21767-010e-48e8-ad19-4d229029f673",
                        "signaturePayload": "[REDACTED]",
                        "processStartedTime": 1753121741277,
                        "merchant_root_view": "16908290",
                        "lifecycleId": "sdk:[REDACTED]/os:3f5e473d-3beb-42cb-9c47-f4e0bd64063f",
                        "action": "upiValidVpa",
                        "protected": "[REDACTED]",
                        "signature": "[REDACTED]",
                        "customerVpa": "No available UPI666",
                        "merchant_keyboard_mode": 16
                    }
                }
            },
            "os": "ANDROID",
            "level": "info",
            "subcategory": "microapp"
        },
        {
            "value": {
                "response": "{\"status\":\"FAILURE\",\"responseMessage\":\"RegexValidation \\\"customerVpa regex failed\\\"\",\"responseCode\":\"BAD_REQUEST\"}",
                "method": "POST",
                "url": "https://endpoint/vpas/validity",
                "status_code": 200,
                "payload": "{\"udfParameters\":\"{}\",\"merchantId\":\"merchantX\",\"merchantCustomerId\":\"[REDACTED]\",\"merchantChannelId\":\"merchantXAPP\",\"customerVpa\":\"No available UPI666\",\"checksum\":\"[REDACTED]\"}",
                "api_tag": "tag14",
                "end_time": 1753121741578,
                "start_time": 1753121741445
            },
            "os": "ANDROID",
            "level": "info",
            "subcategory": "network"
        },
        {
            "value": {
                "ended": {
                    "errorMessage": "RegexValidation \"customerVpa regex failed\"",
                    "requestId": "9738e489-78ee-4538-a63c-242ee1f82ac8",
                    "service": "in.juspay.ec",
                    "payload": {
                        "otherInfo": {
                            "subErrorCode": null,
                            "subErrorMessage": null,
                            "backendResponseCode": "BAD_REQUEST"
                        },
                        "status": "FAILURE",
                        "errorCode": "JP_012",
                        "action": "upiValidVpa",
                        "errorDescription": "RegexValidation \"customerVpa regex failed\""
                    },
                    "errorCode": "JP_012",
                    "error": true
                }
            },
            "os": "ANDROID",
            "level": "info",
            "subcategory": "microapp"
        },
        {
            "value": {
                "loader": "hide",
                "disableLoader": false,
                "forceLoader": false,
                "merchantLoader": true
            },
            "os": "ANDROID",
            "level": "info",
            "subcategory": "system"
        },
        {
            "value": {
                "payload": {
                    "payload": {
                        "requestID": "9738e489-78ee-4538-a63c-242ee1f82ac8"
                    },
                    "event": "hide_loader"
                }
            },
            "os": "ANDROID",
            "level": "info",
            "subcategory": "hypersdk"
        },
        {
            "value": {
                "ended": {
                    "errorMessage": "RegexValidation \"customerVpa regex failed\"",
                    "requestId": "9738e489-78ee-4538-a63c-242ee1f82ac8",
                    "service": "in.juspay.hyperapi",
                    "payload": {
                        "otherInfo": {
                            "subErrorCode": null,
                            "subErrorMessage": null,
                            "backendResponseCode": "BAD_REQUEST"
                        },
                        "status": "FAILURE",
                        "errorCode": "JP_012",
                        "action": "upiValidVpa",
                        "errorDescription": "RegexValidation \"customerVpa regex failed\""
                    },
                    "errorCode": "JP_012",
                    "event": "process_result",
                    "error": true
                }
            },
            "os": "ANDROID",
            "level": "info",
            "subcategory": "hypersdk"
        },
        {
            "value": {
                "data": {
                    "os_eval_scope": 281,
                    "os_main": 364,
                    "in.juspay.hyperupi": {
                        "ready": 1693,
                        "gettingblockmjos": 1,
                        "attaching": 2,
                        "checkandloadfiles": 2,
                        "createhooks": 0
                    },
                    "mjos_download": 23,
                    "onmerchantevent": 21671,
                    "in.juspay.hyperapi": {
                        "ready": 143,
                        "gettingblockmjos": 4,
                        "attaching": 4,
                        "checkandloadfiles": 6,
                        "createhooks": 3
                    },
                    "os_loadjosconfig": 5,
                    "postconfig": 272,
                    "in.juspay.inappupi": {
                        "ready": 1943,
                        "gettingblockmjos": 0,
                        "attaching": 2348,
                        "checkandloadfiles": 2,
                        "createhooks": 0
                    },
                    "in.juspay.ec": {
                        "ready": 591,
                        "gettingblockmjos": 0,
                        "attaching": 9,
                        "checkandloadfiles": 5,
                        "createhooks": 0
                    },
                    "waitfordevicename": 0
                }
            },
            "os": "ANDROID",
            "level": "debug",
            "subcategory": "system"
        },
        {
            "value": {
                "started": {
                    "requestId": "9738e489-78ee-4538-a63c-242ee1f82ac8",
                    "service": "in.juspay.inappupi",
                    "payload": "{\"service\":\"in.juspay.inappupi\",\"requestId\":\"9738e489-78ee-4538-a63c-242ee1f82ac8\",\"payload\":{\"customerVpa\":\"No available UPI666\",\"action\":\"upiValidVpa\",\"signature\":\"signatureValue\",\"signaturePayload\":\"signaturePayloadValue\",\"protected\":\"protectedKey\",\"merchant_root_view\":\"16908290\",\"merchant_keyboard_mode\":16,\"processStartedTime\":1753121741277,\"currentActivityId\":\"50f21767-010e-48e8-ad19-4d229029f673\",\"lifecycleId\":\"sdk:[REDACTED]/os:6718c50b-44e9-4881-97a1-77733a6d5192\"},\"lifecycleId\":\"sdk:[REDACTED]/os:6718c50b-44e9-4881-97a1-77733a6d5192\"}"
                }
            },
            "os": "ANDROID",
            "level": "info",
            "subcategory": "microapp"
        },
        {
            "value": {
                "started": {
                    "requestId": "9738e489-78ee-4538-a63c-242ee1f82ac8",
                    "service": "in.juspay.inappupi",
                    "payload": {
                        "signaturePayload": "[REDACTED]",
                        "merchantKeyId": null,
                        "maskPIIData": null,
                        "action": "upiValidVpa",
                        "udfParameters": null,
                        "signature": "[REDACTED]",
                        "customerVpa": "No available UPI666",
                        "clientAuthToken": null
                    },
                    "lifeCycleId": null
                }
            },
            "os": "ANDROID",
            "level": "info",
            "subcategory": "microapp"
        },
        {
            "value": {
                "title": "CACHE_VALIDITY",
                "value": "{ expiryType: \"HARD_EXPIRED\", key: \"SESSION_PARAMS_\", validFor: -1.0 }"
            },
            "os": "ANDROID",
            "level": "info",
            "subcategory": "system"
        },
        {
            "value": {
                "title": "AUTH_STATUS",
                "value": {
                    "key": "SESSION_PARAMS_",
                    "expiryType": "HARD_EXPIRED",
                    "cachedAtTs": 0
                }
            },
            "os": "ANDROID",
            "level": "info",
            "subcategory": "system"
        },
        {
            "value": {
                "title": "CACHE_VALIDITY",
                "value": "{ expiryType: \"VALID\", key: \"AUTH_PD\", validFor: 1546930.0 }"
            },
            "os": "ANDROID",
            "level": "info",
            "subcategory": "system"
        },
        {
            "value": {
                "title": "AUTH_STATUS",
                "value": {
                    "key": "AUTH_PD",
                    "expiryType": "VALID",
                    "cachedAtTs": 1753121488353
                }
            },
            "os": "ANDROID",
            "level": "info",
            "subcategory": "system"
        },
        {
            "value": {
                "title": "CACHE_VALIDITY",
                "value": "{ expiryType: \"VALID\", key: \"PSP_SESSION_TKN\", validFor: 352971.0 }"
            },
            "os": "ANDROID",
            "level": "info",
            "subcategory": "system"
        },
        {
            "value": {
                "title": "AUTH_STATUS",
                "value": {
                    "key": "PSP_SESSION_TKN",
                    "expiryType": "VALID",
                    "cachedAtTs": 1753121494400
                }
            },
            "os": "ANDROID",
            "level": "info",
            "subcategory": "system"
        },
        {
            "value": {
                "latency": "142.69999999925494",
                "url": "https://endpoint/vpas/validity"
            },
            "os": "ANDROID",
            "level": "info",
            "subcategory": "system"
        },
        {
            "value": {
                "ended": {
                    "errorMessage": "RegexValidation \"customerVpa regex failed\"",
                    "requestId": "9738e489-78ee-4538-a63c-242ee1f82ac8",
                    "service": "in.juspay.inappupi",
                    "payload": {
                        "otherInfo": {
                            "subErrorCode": null,
                            "subErrorMessage": null,
                            "backendResponseCode": "BAD_REQUEST"
                        },
                        "status": "FAILURE",
                        "errorCode": "JP_012",
                        "action": "upiValidVpa",
                        "errorDescription": "RegexValidation \"customerVpa regex failed\""
                    },
                    "errorCode": "JP_012",
                    "event": "process_result",
                    "error": true
                }
            },
            "os": "ANDROID",
            "level": "info",
            "subcategory": "microapp"
        },
        {
            "value": {
                "Latency": {
                    "latency": 211,
                    "latency_sub_ms": 210.7999999988824,
                    "action": "upiValidVpa",
                    "end_time": 1753121741589,
                    "start_time": 1753121741378
                }
            },
            "os": "ANDROID",
            "level": "info",
            "subcategory": "system"
        },
        {
            "value": {
                "ended": {
                    "errorMessage": "RegexValidation \"customerVpa regex failed\"",
                    "requestId": "9738e489-78ee-4538-a63c-242ee1f82ac8",
                    "service": "in.juspay.inappupi",
                    "payload": "{\"status\":\"FAILURE\",\"otherInfo\":{\"subErrorMessage\":null,\"subErrorCode\":null,\"backendResponseCode\":\"BAD_REQUEST\"},\"errorDescription\":\"RegexValidation \\\"customerVpa regex failed\\\"\",\"errorCode\":\"JP_012\",\"action\":\"upiValidVpa\"}",
                    "errorCode": "JP_012",
                    "error": true
                }
            },
            "os": "ANDROID",
            "level": "info",
            "subcategory": "microapp"
        },
        {
            "value": {
                "event": "onPause"
            },
            "level": "debug",
            "subcategory": "system"
        },
        {
            "value": {
                "event": "onResume"
            },
            "level": "debug",
            "subcategory": "system"
        },
        {
            "value": {
                "isInitialised()": {
                    "sdkState": "INITIATE_COMPLETED",
                    "isInitialised": true
                }
            },
            "level": "info",
            "subcategory": "hypersdk"
        },
        {
            "value": {
                "called_and_started": {
                    "requestId": "d551b69d-295d-46ad-8350-a7671fc997d9",
                    "service": "in.juspay.hyperapi",
                    "payload": {
                        "signaturePayload": "[REDACTED]",
                        "action": "upiValidVpa",
                        "protected": "[REDACTED]",
                        "signature": "[REDACTED]",
                        "customerVpa": "[REDACTED]"
                    }
                }
            },
            "level": "info",
            "subcategory": "hypersdk"
        },
        {
            "value": {
                "started": {
                    "requestId": "d551b69d-295d-46ad-8350-a7671fc997d9",
                    "service": "in.juspay.hyperapi",
                    "payload": {
                        "currentActivityId": "50f21767-010e-48e8-ad19-4d229029f673",
                        "signaturePayload": "[REDACTED]",
                        "processStartedTime": 1753121758022,
                        "merchant_root_view": "16908290",
                        "action": "upiValidVpa",
                        "protected": "[REDACTED]",
                        "signature": "[REDACTED]",
                        "customerVpa": "[REDACTED]",
                        "merchant_keyboard_mode": 16
                    }
                }
            },
            "level": "info",
            "subcategory": "hypersdk"
        },
        {
            "value": {
                "main_thread_handover": 55
            },
            "level": "debug",
            "subcategory": "hypersdk"
        },
        {
            "value": {
                "method": "POST",
                "url": "https://endpoint/vpas/validity",
                "options": "{}",
                "payload": "{\"udfParameters\":\"{}\",\"merchantId\":\"merchantX\",\"merchantCustomerId\":\"[REDACTED]\",\"merchantChannelId\":\"merchantXAPP\",\"customerVpa\":\"[REDACTED]\",\"checksum\":\"91b6224752a280a4255df126b0924c0ed1db2a0bfb10145eb195c9f706988a3c\"}",
                "start_time": 1753121758186
            },
            "level": "info",
            "subcategory": "network"
        },
        {
            "value": {
                "method": "POST",
                "url": "https://endpoint/vpas/validity",
                "payload": null,
                "api_tag": "tag15",
                "start_time": 1753121758188
            },
            "level": "info",
            "subcategory": "network"
        },
        {
            "value": {
                "started": {
                    "requestId": "d551b69d-295d-46ad-8350-a7671fc997d9",
                    "service": "in.juspay.hyperapi",
                    "payload": {
                        "currentActivityId": "50f21767-010e-48e8-ad19-4d229029f673",
                        "signaturePayload": "[REDACTED]",
                        "processStartedTime": 1753121758022,
                        "merchant_root_view": "16908290",
                        "action": "upiValidVpa",
                        "protected": "[REDACTED]",
                        "signature": "[REDACTED]",
                        "customerVpa": "[REDACTED]",
                        "merchant_keyboard_mode": 16
                    }
                }
            },
            "os": "android",
            "level": "info",
            "subcategory": "system"
        },
        {
            "value": {
                "client_id": "merchantX"
            },
            "os": "android",
            "level": "info",
            "subcategory": "payment"
        },
        {
            "value": {
                "started": {
                    "requestId": "d551b69d-295d-46ad-8350-a7671fc997d9",
                    "service": "in.juspay.ec",
                    "payload": {
                        "currentActivityId": "50f21767-010e-48e8-ad19-4d229029f673",
                        "signaturePayload": "[REDACTED]",
                        "processStartedTime": 1753121758022,
                        "merchant_root_view": "16908290",
                        "lifecycleId": "sdk:[REDACTED]/os:375f7f5a-f0fa-4992-841d-837a94763409",
                        "action": "upiValidVpa",
                        "protected": "[REDACTED]",
                        "signature": "[REDACTED]",
                        "customerVpa": "[REDACTED]",
                        "merchant_keyboard_mode": 16
                    }
                }
            },
            "os": "android",
            "level": "info",
            "subcategory": "microapp"
        },
        {
            "value": {
                "order_id": "",
                "client_id": "merchantX",
                "merchant_id": ""
            },
            "os": "android",
            "level": "info",
            "subcategory": "device"
        },
        {
            "value": {
                "response": "{\"status\":\"SUCCESS\",\"responseMessage\":\"SUCCESS\",\"responseCode\":\"SUCCESS\",\"payload\":{\"merchantChannelId\":\"merchantXAPP\",\"merchantId\":\"merchantX\",\"isMerchant\":false,\"customerName\":\"BABUL HUSSAIN\",\"isMerchantVerified\":false,\"ifsc\":\"PUNB0039520\",\"isCustomerVpaValid\":true,\"mcc\":\"0000\",\"featureTags\":[],\"customerVpa\":\"[REDACTED]\",\"iin\":\"[REDACTED]\"},\"sdkChecksum\":\"ea6a7bfb317ea444cfc2b6d2a22d7d551d4330079d6f68debf00d464511ba1cf\",\"udfParameters\":\"{}\"}",
                "method": "POST",
                "url": "https://endpoint/vpas/validity",
                "status_code": 200,
                "payload": "{\"udfParameters\":\"{}\",\"merchantId\":\"merchantX\",\"merchantCustomerId\":\"[REDACTED]\",\"merchantChannelId\":\"merchantXAPP\",\"customerVpa\":\"[REDACTED]\",\"checksum\":\"91b6224752a280a4255df126b0924c0ed1db2a0bfb10145eb195c9f706988a3c\"}",
                "api_tag": "tag15",
                "end_time": 1753121758404,
                "start_time": 1753121758188
            },
            "level": "info",
            "subcategory": "network"
        },
        {
            "value": {
                "payload": {
                    "payload": {
                        "requestID": "d551b69d-295d-46ad-8350-a7671fc997d9"
                    },
                    "event": "hide_loader"
                }
            },
            "level": "info",
            "subcategory": "hypersdk"
        },
        {
            "value": {
                "ended": {
                    "errorMessage": "",
                    "requestId": "d551b69d-295d-46ad-8350-a7671fc997d9",
                    "service": "in.juspay.ec",
                    "payload": {
                        "merchantId": "merchantX",
                        "mcc": "0000",
                        "isMerchantVerified": false,
                        "status": "SUCCESS",
                        "customerName": "BABUL HUSSAIN",
                        "isCustomerVpaValid": true,
                        "responseMessage": "SUCCESS",
                        "merchantChannelId": "merchantXAPP",
                        "isMerchant": false,
                        "action": "upiValidVpa",
                        "udfParameters": "{}",
                        "responseCode": "SUCCESS",
                        "customerVpa": "[REDACTED]"
                    },
                    "errorCode": "",
                    "error": false
                }
            },
            "os": "android",
            "level": "info",
            "subcategory": "microapp"
        },
        {
            "value": {
                "loader": "hide",
                "disableLoader": false,
                "forceLoader": false,
                "merchantLoader": true
            },
            "os": "android",
            "level": "info",
            "subcategory": "system"
        },
        {
            "value": {
                "ended": {
                    "errorMessage": "",
                    "requestId": "d551b69d-295d-46ad-8350-a7671fc997d9",
                    "service": "in.juspay.hyperapi",
                    "payload": {
                        "merchantId": "merchantX",
                        "mcc": "0000",
                        "isMerchantVerified": false,
                        "status": "SUCCESS",
                        "customerName": "BABUL HUSSAIN",
                        "isCustomerVpaValid": true,
                        "responseMessage": "SUCCESS",
                        "merchantChannelId": "merchantXAPP",
                        "isMerchant": false,
                        "action": "upiValidVpa",
                        "udfParameters": "{}",
                        "responseCode": "SUCCESS",
                        "customerVpa": "[REDACTED]"
                    },
                    "errorCode": "",
                    "event": "process_result",
                    "error": false
                }
            },
            "level": "info",
            "subcategory": "hypersdk"
        },
        {
            "value": {
                "data": {
                    "os_eval_scope": 281,
                    "os_main": 364,
                    "in.juspay.hyperupi": {
                        "ready": 1693,
                        "gettingblockmjos": 1,
                        "attaching": 2,
                        "checkandloadfiles": 2,
                        "createhooks": 0
                    },
                    "mjos_download": 23,
                    "onmerchantevent": 16731,
                    "in.juspay.hyperapi": {
                        "ready": 143,
                        "gettingblockmjos": 4,
                        "attaching": 4,
                        "checkandloadfiles": 6,
                        "createhooks": 3
                    },
                    "os_loadjosconfig": 5,
                    "postconfig": 272,
                    "in.juspay.inappupi": {
                        "ready": 1943,
                        "gettingblockmjos": 0,
                        "attaching": 2348,
                        "checkandloadfiles": 2,
                        "createhooks": 0
                    },
                    "in.juspay.ec": {
                        "ready": 591,
                        "gettingblockmjos": 0,
                        "attaching": 9,
                        "checkandloadfiles": 5,
                        "createhooks": 0
                    },
                    "waitfordevicename": 0
                }
            },
            "os": "android",
            "level": "debug",
            "subcategory": "system"
        },
        {
            "value": {
                "isInitialised()": {
                    "sdkState": "INITIATE_COMPLETED",
                    "isInitialised": true
                }
            },
            "level": "info",
            "subcategory": "hypersdk"
        },
        {
            "value": {
                "called_and_started": {
                    "requestId": "061d2ec0-6d43-4743-ad69-299045328ad4",
                    "service": "in.juspay.hyperapi",
                    "payload": {
                        "currentActivityId": "50f21767-010e-48e8-ad19-4d229029f673",
                        "transactionReference": "[REDACTED]",
                        "mcc": "0000",
                        "upiRequestId": "YJP[REDACTED]",
                        "signaturePayload": "[REDACTED]",
                        "processStartedTime": 1753121760027,
                        "merchant_root_view": "16908290",
                        "timestamp": "1753121760024",
                        "payeeName": "BABUL HUSSAIN",
                        "payType": "SCAN_PAY",
                        "remarks": "1bii1m",
                        "currency": "INR",
                        "payeeVpa": "[REDACTED]",
                        "action": "upiSendMoney",
                        "accountReferenceId": "[REDACTED]",
                        "protected": "[REDACTED]",
                        "signature": "[REDACTED]",
                        "amount": "99.99",
                        "customerVpa": "[REDACTED]",
                        "merchant_keyboard_mode": 16
                    }
                }
            },
            "level": "info",
            "subcategory": "hypersdk"
        },
        {
            "value": {
                "started": {
                    "requestId": "061d2ec0-6d43-4743-ad69-299045328ad4",
                    "service": "in.juspay.hyperapi",
                    "payload": {
                        "currentActivityId": "50f21767-010e-48e8-ad19-4d229029f673",
                        "transactionReference": "[REDACTED]",
                        "mcc": "0000",
                        "upiRequestId": "YJP[REDACTED]",
                        "signaturePayload": "[REDACTED]",
                        "processStartedTime": 1753121760027,
                        "merchant_root_view": "16908290",
                        "timestamp": "1753121760024",
                        "payeeName": "BABUL HUSSAIN",
                        "payType": "SCAN_PAY",
                        "remarks": "1bii1m",
                        "currency": "INR",
                        "payeeVpa": "[REDACTED]",
                        "action": "upiSendMoney",
                        "accountReferenceId": "[REDACTED]",
                        "protected": "[REDACTED]",
                        "signature": "[REDACTED]",
                        "amount": "99.99",
                        "customerVpa": "[REDACTED]",
                        "merchant_keyboard_mode": 16
                    }
                }
            },
            "level": "info",
            "subcategory": "hypersdk"
        },
        {
            "value": {
                "main_thread_handover": 48
            },
            "level": "debug",
            "subcategory": "hypersdk"
        },
        {
            "value": {
                "SERVICE_INITIATED": "true"
            },
            "level": "debug",
            "subcategory": "system"
        },
        {
            "value": {
                "NPCI_CL": "OPENED"
            },
            "level": "debug",
            "subcategory": "system"
        },
        {
            "value": {
                "started": {
                    "requestId": "061d2ec0-6d43-4743-ad69-299045328ad4",
                    "service": "in.juspay.hyperapi",
                    "payload": {
                        "currentActivityId": "50f21767-010e-48e8-ad19-4d229029f673",
                        "transactionReference": "[REDACTED]",
                        "mcc": "0000",
                        "upiRequestId": "YJP[REDACTED]",
                        "signaturePayload": "[REDACTED]",
                        "processStartedTime": 1753121760027,
                        "merchant_root_view": "16908290",
                        "timestamp": "1753121760024",
                        "payeeName": "BABUL HUSSAIN",
                        "payType": "SCAN_PAY",
                        "remarks": "1bii1m",
                        "currency": "INR",
                        "payeeVpa": "[REDACTED]",
                        "action": "upiSendMoney",
                        "accountReferenceId": "[REDACTED]",
                        "protected": "[REDACTED]",
                        "signature": "[REDACTED]",
                        "amount": "99.99",
                        "customerVpa": "[REDACTED]",
                        "merchant_keyboard_mode": 16
                    }
                }
            },
            "os": "android",
            "level": "info",
            "subcategory": "system"
        },
        {
            "value": {
                "client_id": "merchantX"
            },
            "os": "android",
            "level": "info",
            "subcategory": "payment"
        },
        {
            "value": {
                "started": {
                    "requestId": "061d2ec0-6d43-4743-ad69-299045328ad4",
                    "service": "in.juspay.ec",
                    "payload": {
                        "currentActivityId": "50f21767-010e-48e8-ad19-4d229029f673",
                        "transactionReference": "[REDACTED]",
                        "mcc": "0000",
                        "upiRequestId": "YJP[REDACTED]",
                        "signaturePayload": "[REDACTED]",
                        "processStartedTime": 1753121760027,
                        "merchant_root_view": "16908290",
                        "timestamp": "1753121760024",
                        "payeeName": "BABUL HUSSAIN",
                        "payType": "SCAN_PAY",
                        "remarks": "1bii1m",
                        "lifecycleId": "sdk:[REDACTED]/os:69e635ce-7b9e-458b-8715-1aee764a35c0",
                        "currency": "INR",
                        "payeeVpa": "[REDACTED]",
                        "action": "upiSendMoney",
                        "accountReferenceId": "[REDACTED]",
                        "protected": "[REDACTED]",
                        "signature": "[REDACTED]",
                        "amount": "99.99",
                        "customerVpa": "[REDACTED]",
                        "merchant_keyboard_mode": 16
                    }
                }
            },
            "os": "android",
            "level": "info",
            "subcategory": "microapp"
        },
        {
            "value": {
                "order_id": "",
                "client_id": "merchantX",
                "merchant_id": ""
            },
            "os": "android",
            "level": "info",
            "subcategory": "device"
        },
        {
            "value": {
                "started": {
                    "requestId": "d551b69d-295d-46ad-8350-a7671fc997d9",
                    "service": "in.juspay.inappupi",
                    "payload": "{\"service\":\"in.juspay.inappupi\",\"requestId\":\"d551b69d-295d-46ad-8350-a7671fc997d9\",\"payload\":{\"customerVpa\":\"[REDACTED]\",\"action\":\"upiValidVpa\",\"signature\":\"signatureValue\",\"signaturePayload\":\"signaturePayloadValue\",\"protected\":\"protectedKey\",\"merchant_root_view\":\"16908290\",\"merchant_keyboard_mode\":16,\"processStartedTime\":1753121758022,\"currentActivityId\":\"50f21767-010e-48e8-ad19-4d229029f673\",\"lifecycleId\":\"sdk:[REDACTED]/os:b3eff898-877b-4d13-8c7f-0aac8963ac32\"},\"lifecycleId\":\"sdk:[REDACTED]/os:b3eff898-877b-4d13-8c7f-0aac8963ac32\"}"
                }
            },
            "os": "android",
            "level": "info",
            "subcategory": "microapp"
        },
        {
            "value": {
                "started": {
                    "requestId": "d551b69d-295d-46ad-8350-a7671fc997d9",
                    "service": "in.juspay.inappupi",
                    "payload": {
                        "signaturePayload": "[REDACTED]",
                        "merchantKeyId": null,
                        "maskPIIData": null,
                        "action": "upiValidVpa",
                        "udfParameters": null,
                        "signature": "[REDACTED]",
                        "customerVpa": "[REDACTED]",
                        "clientAuthToken": null
                    },
                    "lifeCycleId": null
                }
            },
            "os": "android",
            "level": "info",
            "subcategory": "microapp"
        },
        {
            "value": {
                "title": "CACHE_VALIDITY",
                "value": "{ expiryType: \"HARD_EXPIRED\", key: \"SESSION_PARAMS_\", validFor: -1.0 }"
            },
            "os": "android",
            "level": "info",
            "subcategory": "system"
        },
        {
            "value": {
                "title": "AUTH_STATUS",
                "value": {
                    "key": "SESSION_PARAMS_",
                    "expiryType": "HARD_EXPIRED",
                    "cachedAtTs": 0
                }
            },
            "os": "android",
            "level": "info",
            "subcategory": "system"
        },
        {
            "value": {
                "title": "CACHE_VALIDITY",
                "value": "{ expiryType: \"VALID\", key: \"AUTH_PD\", validFor: 1530195.0 }"
            },
            "os": "android",
            "level": "info",
            "subcategory": "system"
        },
        {
            "value": {
                "title": "AUTH_STATUS",
                "value": {
                    "key": "AUTH_PD",
                    "expiryType": "VALID",
                    "cachedAtTs": 1753121488353
                }
            },
            "os": "android",
            "level": "info",
            "subcategory": "system"
        },
        {
            "value": {
                "title": "CACHE_VALIDITY",
                "value": "{ expiryType: \"VALID\", key: \"PSP_SESSION_TKN\", validFor: 336237.0 }"
            },
            "os": "android",
            "level": "info",
            "subcategory": "system"
        },
        {
            "value": {
                "title": "AUTH_STATUS",
                "value": {
                    "key": "PSP_SESSION_TKN",
                    "expiryType": "VALID",
                    "cachedAtTs": 1753121494400
                }
            },
            "os": "android",
            "level": "info",
            "subcategory": "system"
        },
        {
            "value": {
                "latency": "221.89999999850988",
                "url": "https://endpoint/vpas/validity"
            },
            "os": "android",
            "level": "info",
            "subcategory": "system"
        },
        {
            "value": {
                "ended": {
                    "errorMessage": "",
                    "requestId": "d551b69d-295d-46ad-8350-a7671fc997d9",
                    "service": "in.juspay.inappupi",
                    "payload": {
                        "merchantId": "merchantX",
                        "mcc": "0000",
                        "isMerchantVerified": false,
                        "status": "SUCCESS",
                        "customerName": "BABUL HUSSAIN",
                        "isCustomerVpaValid": true,
                        "responseMessage": "SUCCESS",
                        "merchantChannelId": "merchantXAPP",
                        "isMerchant": false,
                        "action": "upiValidVpa",
                        "udfParameters": "{}",
                        "responseCode": "SUCCESS",
                        "customerVpa": "[REDACTED]"
                    },
                    "errorCode": "",
                    "event": "process_result",
                    "error": false
                }
            },
            "os": "android",
            "level": "info",
            "subcategory": "microapp"
        },
        {
            "value": {
                "Latency": {
                    "latency": 298,
                    "latency_sub_ms": 298.19999999925494,
                    "action": "upiValidVpa",
                    "end_time": 1753121758408,
                    "start_time": 1753121758110
                }
            },
            "os": "android",
            "level": "info",
            "subcategory": "system"
        },
        {
            "value": {
                "ended": {
                    "errorMessage": "",
                    "requestId": "d551b69d-295d-46ad-8350-a7671fc997d9",
                    "service": "in.juspay.inappupi",
                    "payload": "{\"udfParameters\":\"{}\",\"status\":\"SUCCESS\",\"responseMessage\":\"SUCCESS\",\"responseCode\":\"SUCCESS\",\"merchantId\":\"merchantX\",\"merchantChannelId\":\"merchantXAPP\",\"mcc\":\"0000\",\"isMerchantVerified\":false,\"isMerchant\":false,\"isCustomerVpaValid\":true,\"customerVpa\":\"[REDACTED]\",\"customerName\":\"BABUL HUSSAIN\",\"action\":\"upiValidVpa\"}",
                    "errorCode": "",
                    "error": false
                }
            },
            "os": "android",
            "level": "info",
            "subcategory": "microapp"
        },
        {
            "value": {
                "started": {
                    "requestId": "061d2ec0-6d43-4743-ad69-299045328ad4",
                    "service": "in.juspay.inappupi",
                    "payload": "{\"service\":\"in.juspay.inappupi\",\"requestId\":\"061d2ec0-6d43-4743-ad69-299045328ad4\",\"payload\":{\"action\":\"upiSendMoney\",\"signature\":\"signatureValue\",\"signaturePayload\":\"signaturePayloadValue\",\"protected\":\"protectedKey\",\"timestamp\":\"1753121760024\",\"remarks\":\"1bii1m\",\"payeeVpa\":\"[REDACTED]\",\"payeeName\":\"BABUL HUSSAIN\",\"mcc\":\"0000\",\"payType\":\"SCAN_PAY\",\"customerVpa\":\"[REDACTED]\",\"currency\":\"INR\",\"amount\":\"99.99\",\"transactionReference\":\"[REDACTED]\",\"accountReferenceId\":\"[REDACTED]\",\"upiRequestId\":\"YJP[REDACTED]\",\"merchant_root_view\":\"16908290\",\"merchant_keyboard_mode\":16,\"processStartedTime\":1753121760027,\"currentActivityId\":\"50f21767-010e-48e8-ad19-4d229029f673\",\"lifecycleId\":\"sdk:[REDACTED]/os:49131beb-0527-4f1c-8e80-1b43ada7efc8\"},\"lifecycleId\":\"sdk:[REDACTED]/os:49131beb-0527-4f1c-8e80-1b43ada7efc8\"}"
                }
            },
            "os": "android",
            "level": "info",
            "subcategory": "microapp"
        },
        {
            "value": {
                "started": {
                    "requestId": "061d2ec0-6d43-4743-ad69-299045328ad4",
                    "service": "in.juspay.inappupi",
                    "payload": {
                        "transactionReference": "[REDACTED]",
                        "purpose": null,
                        "mcc": "0000",
                        "upiRequestId": "YJP[REDACTED]",
                        "payeeAccountReferenceId": null,
                        "signaturePayload": "[REDACTED]",
                        "liteFlow": null,
                        "merchantKeyId": null,
                        "baseCurr": null,
                        "refUrl": null,
                        "splitDetails": null,
                        "timestamp": "1753121760024",
                        "payeeName": "BABUL HUSSAIN",
                        "refCategory": null,
                        "payType": "SCAN_PAY",
                        "baseAmount": null,
                        "remarks": "1bii1m",
                        "useUpiLite": null,
                        "currency": "INR",
                        "payeeVpa": "[REDACTED]",
                        "action": "upiSendMoney",
                        "upiNumber": null,
                        "accountReferenceId": "[REDACTED]",
                        "udfParameters": null,
                        "signature": "[REDACTED]",
                        "initiationMode": null,
                        "lrn": null,
                        "merchantRequestId": null,
                        "amount": "99.99",
                        "customerVpa": "[REDACTED]",
                        "clientAuthToken": null,
                        "originalTransactionUpiRequestId": null
                    },
                    "lifeCycleId": null
                }
            },
            "os": "android",
            "level": "info",
            "subcategory": "microapp"
        },
        {
            "value": {
                "title": "CL_VERSION",
                "value": "1.8"
            },
            "os": "android",
            "level": "info",
            "subcategory": "system"
        },
        {
            "value": {
                "status": "OPENED"
            },
            "os": "android",
            "level": "info",
            "subcategory": "system"
        },
        {
            "value": {
                "event": "onPause"
            },
            "os": "ANDROID",
            "level": "debug",
            "subcategory": "system"
        },
        {
            "value": {
                "event": "onStop"
            },
            "os": "ANDROID",
            "level": "debug",
            "subcategory": "system"
        },
        {
            "value": {
                "event": "OnSavedStateInstance"
            },
            "os": "ANDROID",
            "level": "debug",
            "subcategory": "system"
        },
        {
            "value": {
                "GET_CREDENTIALS_RESP": "[REDACTED]"
            },
            "os": "ANDROID",
            "level": "debug",
            "subcategory": "system"
        },
        {
            "value": {
                "event": "onResume"
            },
            "os": "ANDROID",
            "level": "debug",
            "subcategory": "system"
        },
        {
            "value": {
                "method": "POST",
                "url": "https://endpoint/transactions/sendMoney",
                "options": "{}",
                "payload": "{\"upiRequestId\":\"YJP[REDACTED]\",\"udfParameters\":\"{}\",\"transactionReference\":\"[REDACTED]\",\"timestamp\":\"1753121760024\",\"remarks\":\"1bii1m\",\"payeeVpa\":\"[REDACTED]\",\"payeeName\":\"BABUL HUSSAIN\",\"payType\":\"SCAN_PAY\",\"merchantRequestId\":\"[REDACTED]\",\"merchantId\":\"merchantX\",\"merchantCustomerId\":\"[REDACTED]\",\"merchantChannelId\":\"merchantXAPP\",\"mcc\":\"0000\",\"location\":\"DEFAULT\",\"geocode\":\"00.000000,00.000000\",\"customerVpa\":\"[REDACTED]\",\"currency\":\"INR\",\"credBlock\":\"{\\\"mpincred\\\":{\\\"type\\\":\\\"PIN\\\",\\\"subType\\\":\\\"MPIN\\\",\\\"data\\\":{\\\"ki\\\":\\\"20150822\\\",\\\"encryptedBase64String\\\":\\\"2.3-v1.8|NuNcsgOtypDKpaKy1uXoC3U8rXVfPChkp9oLsS5kzsEH/3kFsJHUj7KAyTEape0ve1BIOYjdqi2v1/fTTx1xj5fj/V4b9HgXfvA8QOIOnGIPGVM65ldJqh+CGzKr7rMywN9inB60/aShvj0nSLl4Xugds0L+29uC3u+hQGPc8OG/NqoEn4jEmDwHO2LMYsTcbtAYKhd/iAsZW67bWEH3oRF/o3YGOybIZ3k+sAIk0roXvyvWwZVwYVfmznR8Zt40f07dxMrlEQZXAt7KA7oMtiLNulgNEdFdQMSDiYzrrVjwgheoP+Pa4MpXhROAe9LVF+kwBNIbxpp3bdC33PfBDw==\\\",\\\"code\\\":\\\"NPCI\\\"}}}\",\"checksum\":\"74055004a37ed641c07ff3eccd344b7d1b966849398e85dccdd25a97c92f353b\",\"amount\":\"99.99\",\"accountReferenceId\":\"[REDACTED]\"}",
                "start_time": 1753121764191
            },
            "os": "ANDROID",
            "level": "info",
            "subcategory": "network"
        },
        {
            "value": {
                "method": "POST",
                "url": "https://endpoint/transactions/sendMoney",
                "payload": null,
                "api_tag": "tag16",
                "start_time": 1753121764192
            },
            "os": "ANDROID",
            "level": "info",
            "subcategory": "network"
        },
        {
            "value": {
                "response": "{\"merchantPayload\":{\"amount\":\"99.99\",\"maskedAccountNumber\":\"XXXXXX8557\",\"refUrl\":\"https://www.juspay.io/in/\",\"payeeMcc\":\"0000\",\"gatewayResponseMessage\":\"Your transaction is successful\",\"gatewayResponseCode\":\"00\",\"gatewayReferenceId\":\"520209215896\",\"gatewayTransactionId\":\"YJP[REDACTED]\",\"customerMobileNumber\":\"[REDACTED]\",\"transactionTimestamp\":\"2025-07-21T23:46:05+05:30\",\"payType\":\"SCAN_PAY\",\"bankCode\":\"[REDACTED]\",\"customerVpa\":\"[REDACTED]\",\"bankAccountUniqueId\":\"[REDACTED]\"},\"status\":\"SUCCESS\",\"responseMessage\":\"SUCCESS\",\"merchantPayloadSignature\":\"[REDACTED]\",\"responseCode\":\"SUCCESS\",\"sdkChecksum\":\"538bdd67d0f4a533e6d56706a8e09be1a79cc43423f25984febf72922c4d8faa\",\"sdkPayload\":{},\"udfParameters\":\"{}\"}",
                "method": "POST",
                "url": "https://endpoint/transactions/sendMoney",
                "status_code": 200,
                "payload": "{\"upiRequestId\":\"YJP[REDACTED]\",\"udfParameters\":\"{}\",\"transactionReference\":\"[REDACTED]\",\"timestamp\":\"1753121760024\",\"remarks\":\"1bii1m\",\"payeeVpa\":\"[REDACTED]\",\"payeeName\":\"BABUL HUSSAIN\",\"payType\":\"SCAN_PAY\",\"merchantRequestId\":\"[REDACTED]\",\"merchantId\":\"merchantX\",\"merchantCustomerId\":\"[REDACTED]\",\"merchantChannelId\":\"merchantXAPP\",\"mcc\":\"0000\",\"location\":\"DEFAULT\",\"geocode\":\"00.000000,00.000000\",\"customerVpa\":\"[REDACTED]\",\"currency\":\"INR\",\"credBlock\":\"{\\\"mpincred\\\":{\\\"type\\\":\\\"PIN\\\",\\\"subType\\\":\\\"MPIN\\\",\\\"data\\\":{\\\"ki\\\":\\\"20150822\\\",\\\"encryptedBase64String\\\":\\\"2.3-v1.8|NuNcsgOtypDKpaKy1uXoC3U8rXVfPChkp9oLsS5kzsEH/3kFsJHUj7KAyTEape0ve1BIOYjdqi2v1/fTTx1xj5fj/V4b9HgXfvA8QOIOnGIPGVM65ldJqh+CGzKr7rMywN9inB60/aShvj0nSLl4Xugds0L+29uC3u+hQGPc8OG/NqoEn4jEmDwHO2LMYsTcbtAYKhd/iAsZW67bWEH3oRF/o3YGOybIZ3k+sAIk0roXvyvWwZVwYVfmznR8Zt40f07dxMrlEQZXAt7KA7oMtiLNulgNEdFdQMSDiYzrrVjwgheoP+Pa4MpXhROAe9LVF+kwBNIbxpp3bdC33PfBDw==\\\",\\\"code\\\":\\\"NPCI\\\"}}}\",\"checksum\":\"74055004a37ed641c07ff3eccd344b7d1b966849398e85dccdd25a97c92f353b\",\"amount\":\"99.99\",\"accountReferenceId\":\"[REDACTED]\"}",
                "api_tag": "tag16",
                "end_time": 1753121766724,
                "start_time": 1753121764192
            },
            "os": "ANDROID",
            "level": "info",
            "subcategory": "network"
        },
        {
            "value": {
                "payload": {
                    "payload": {
                        "requestID": "061d2ec0-6d43-4743-ad69-299045328ad4"
                    },
                    "event": "hide_loader"
                }
            },
            "os": "ANDROID",
            "level": "info",
            "subcategory": "hypersdk"
        },
        {
            "value": {
                "ended": {
                    "errorMessage": "",
                    "requestId": "061d2ec0-6d43-4743-ad69-299045328ad4",
                    "service": "in.juspay.ec",
                    "payload": {
                        "payeeMcc": "0000",
                        "transactionTimestamp": "2025-07-21T23:46:05+05:30",
                        "customerMobileNumber": "[REDACTED]",
                        "gatewayReferenceId": "520209215896",
                        "bankAccountUniqueId": "[REDACTED]",
                        "bankCode": "[REDACTED]",
                        "refUrl": "https://www.juspay.io/in/",
                        "status": "SUCCESS",
                        "gatewayResponseCode": "00",
                        "payType": "SCAN_PAY",
                        "action": "upiSendMoney",
                        "gatewayTransactionId": "YJP[REDACTED]",
                        "maskedAccountNumber": "XXXXXX8557",
                        "udfParameters": "{}",
                        "gatewayResponseMessage": "Your transaction is successful",
                        "merchantRequestId": "[REDACTED]",
                        "amount": "99.99",
                        "customerVpa": "[REDACTED]"
                    },
                    "errorCode": "",
                    "error": false
                }
            },
            "os": "ANDROID",
            "level": "info",
            "subcategory": "microapp"
        },
        {
            "value": {
                "ended": {
                    "errorMessage": "",
                    "requestId": "061d2ec0-6d43-4743-ad69-299045328ad4",
                    "service": "in.juspay.hyperapi",
                    "payload": {
                        "payeeMcc": "0000",
                        "transactionTimestamp": "2025-07-21T23:46:05+05:30",
                        "customerMobileNumber": "[REDACTED]",
                        "gatewayReferenceId": "520209215896",
                        "bankAccountUniqueId": "[REDACTED]",
                        "bankCode": "[REDACTED]",
                        "refUrl": "https://www.juspay.io/in/",
                        "status": "SUCCESS",
                        "gatewayResponseCode": "00",
                        "payType": "SCAN_PAY",
                        "action": "upiSendMoney",
                        "gatewayTransactionId": "YJP[REDACTED]",
                        "maskedAccountNumber": "XXXXXX8557",
                        "udfParameters": "{}",
                        "gatewayResponseMessage": "Your transaction is successful",
                        "merchantRequestId": "[REDACTED]",
                        "amount": "99.99",
                        "customerVpa": "[REDACTED]"
                    },
                    "errorCode": "",
                    "event": "process_result",
                    "error": false
                }
            },
            "os": "ANDROID",
            "level": "info",
            "subcategory": "hypersdk"
        },
        {
            "value": {
                "loader": "hide",
                "disableLoader": false,
                "forceLoader": false,
                "merchantLoader": true
            },
            "os": "ANDROID",
            "level": "info",
            "subcategory": "system"
        },
        {
            "value": {
                "isInitialised()": {
                    "sdkState": "INITIATE_COMPLETED",
                    "isInitialised": true
                }
            },
            "os": "ANDROID",
            "level": "info",
            "subcategory": "hypersdk"
        },
        {
            "value": {
                "called_and_started": {
                    "requestId": "7fd71670-7d9c-401f-adeb-b4eb92ffd861",
                    "service": "in.juspay.hyperapi",
                    "payload": {
                        "signaturePayload": "[REDACTED]",
                        "offset": 0,
                        "limit": 100,
                        "action": "upiListPendingTransactions",
                        "protected": "[REDACTED]",
                        "signature": "[REDACTED]"
                    }
                }
            },
            "os": "ANDROID",
            "level": "info",
            "subcategory": "hypersdk"
        },
        {
            "value": {
                "started": {
                    "requestId": "7fd71670-7d9c-401f-adeb-b4eb92ffd861",
                    "service": "in.juspay.hyperapi",
                    "payload": {
                        "signaturePayload": "[REDACTED]",
                        "offset": 0,
                        "limit": 100,
                        "action": "upiListPendingTransactions",
                        "protected": "[REDACTED]",
                        "signature": "[REDACTED]"
                    }
                }
            },
            "os": "ANDROID",
            "level": "info",
            "subcategory": "hypersdk"
        },
        {
            "value": {
                "method": "POST",
                "url": "https://endpoint/transactions/pending",
                "options": "{}",
                "payload": "{\"udfParameters\":\"{}\",\"offset\":0,\"merchantId\":\"merchantX\",\"merchantCustomerId\":\"[REDACTED]\",\"merchantChannelId\":\"merchantXAPP\",\"limit\":100,\"checksum\":\"95c3d1f0fd8afcb2ff2502c11ade9dc33dc08e76885b265e67909a9b219fa2a5\"}",
                "start_time": 1753121767048
            },
            "os": "ANDROID",
            "level": "info",
            "subcategory": "network"
        },
        {
            "value": {
                "method": "POST",
                "url": "https://endpoint/transactions/pending",
                "payload": null,
                "api_tag": "tag17",
                "start_time": 1753121767050
            },
            "os": "ANDROID",
            "level": "info",
            "subcategory": "network"
        },
        {
            "value": {
                "started": {
                    "requestId": "7fd71670-7d9c-401f-adeb-b4eb92ffd861",
                    "service": "in.juspay.hyperapi",
                    "payload": {
                        "currentActivityId": "50f21767-010e-48e8-ad19-4d229029f673",
                        "signaturePayload": "[REDACTED]",
                        "processStartedTime": 1753121766924,
                        "offset": 0,
                        "merchant_root_view": "16908290",
                        "limit": 100,
                        "action": "upiListPendingTransactions",
                        "protected": "[REDACTED]",
                        "signature": "[REDACTED]",
                        "merchant_keyboard_mode": 16
                    }
                }
            },
            "os": "ANDROID",
            "level": "info",
            "subcategory": "system"
        },
        {
            "value": {
                "started": {
                    "requestId": "7fd71670-7d9c-401f-adeb-b4eb92ffd861",
                    "service": "in.juspay.ec",
                    "payload": {
                        "currentActivityId": "50f21767-010e-48e8-ad19-4d229029f673",
                        "signaturePayload": "[REDACTED]",
                        "processStartedTime": 1753121766924,
                        "offset": 0,
                        "merchant_root_view": "16908290",
                        "limit": 100,
                        "lifecycleId": "sdk:[REDACTED]/os:ea7508e4-2c7e-48db-8e6c-eb56b256b3b9",
                        "action": "upiListPendingTransactions",
                        "protected": "[REDACTED]",
                        "signature": "[REDACTED]",
                        "merchant_keyboard_mode": 16
                    }
                }
            },
            "os": "ANDROID",
            "level": "info",
            "subcategory": "microapp"
        },
        {
            "value": {
                "response": "{\"merchantPayload\":{\"pendingTransactions\":[],\"count\":0},\"status\":\"SUCCESS\",\"responseMessage\":\"SUCCESS\",\"merchantPayloadSignature\":\"0f1b8d50a35b6fb0ed3a0fcfc223309d6bbe1d83dc17d2b380d726edb1b927885f776eafb87906423d8564644b879065bf3a46f0a9024ec6489b52e40d00e81235475527770262c4626e1e7b046c13545578a947f6ee5d84abf6c8e446bcacf00a9fa4b6a822f83bcf4cc26a46701c346b7e4759a2e23f31661e3f3eac8aedb34a6cd8f54717535ae77df4dfd732d99eaa835c9740333e88236a3f7bb5c18f50ea52894d3266df13941b9150672ca78ccc7b40808a7803a1480c137bdbf79b8572927535036b61ae67b0ec8e7f9806be7364573d6a2dca9883ac9c3dca6edabfca091becb223b5b589c44cd1c44b8d7d1e425252564af07b632ebfd5a51e1c1a\",\"responseCode\":\"SUCCESS\",\"sdkPayloadSignature\":\"\",\"sdkChecksum\":\"85ac91485b62086604cf4dc78e382c16ec4b32e02c3d048d2ca49965be787b46\",\"sdkPayload\":{},\"udfParameters\":\"{}\"}",
                "method": "POST",
                "url": "https://endpoint/transactions/pending",
                "status_code": 200,
                "payload": "{\"udfParameters\":\"{}\",\"offset\":0,\"merchantId\":\"merchantX\",\"merchantCustomerId\":\"[REDACTED]\",\"merchantChannelId\":\"merchantXAPP\",\"limit\":100,\"checksum\":\"95c3d1f0fd8afcb2ff2502c11ade9dc33dc08e76885b265e67909a9b219fa2a5\"}",
                "api_tag": "tag17",
                "end_time": 1753121767150,
                "start_time": 1753121767050
            },
            "os": "ANDROID",
            "level": "info",
            "subcategory": "network"
        },
        {
            "value": {
                "payload": {
                    "payload": {
                        "requestID": "7fd71670-7d9c-401f-adeb-b4eb92ffd861"
                    },
                    "event": "hide_loader"
                }
            },
            "os": "ANDROID",
            "level": "info",
            "subcategory": "hypersdk"
        },
        {
            "value": {
                "ended": {
                    "errorMessage": "",
                    "requestId": "7fd71670-7d9c-401f-adeb-b4eb92ffd861",
                    "service": "in.juspay.ec",
                    "payload": {
                        "status": "SUCCESS",
                        "count": 0,
                        "action": "upiListPendingTransactions",
                        "udfParameters": "{}",
                        "pendingTransactions": []
                    },
                    "errorCode": "",
                    "error": false
                }
            },
            "os": "ANDROID",
            "level": "info",
            "subcategory": "microapp"
        },
        {
            "value": {
                "loader": "hide",
                "disableLoader": false,
                "forceLoader": false,
                "merchantLoader": true
            },
            "os": "ANDROID",
            "level": "info",
            "subcategory": "system"
        },
        {
            "value": {
                "ended": {
                    "errorMessage": "",
                    "requestId": "7fd71670-7d9c-401f-adeb-b4eb92ffd861",
                    "service": "in.juspay.hyperapi",
                    "payload": {
                        "status": "SUCCESS",
                        "count": 0,
                        "action": "upiListPendingTransactions",
                        "udfParameters": "{}",
                        "pendingTransactions": []
                    },
                    "errorCode": "",
                    "event": "process_result",
                    "error": false
                }
            },
            "os": "ANDROID",
            "level": "info",
            "subcategory": "hypersdk"
        },
        {
            "value": {
                "isInitialised()": {
                    "sdkState": "INITIATE_COMPLETED",
                    "isInitialised": true
                }
            },
            "os": "ANDROID",
            "level": "info",
            "subcategory": "hypersdk"
        },
        {
            "value": {
                "called_and_started": {
                    "requestId": "1aa799f7-055b-4a4d-b083-a99446c0bb65",
                    "service": "in.juspay.hyperapi",
                    "payload": {
                        "signaturePayload": "[REDACTED]",
                        "offset": "0",
                        "status": "PENDING",
                        "limit": "100",
                        "action": "upiListMandate",
                        "protected": "[REDACTED]",
                        "signature": "[REDACTED]"
                    }
                }
            },
            "os": "ANDROID",
            "level": "info",
            "subcategory": "hypersdk"
        },
        {
            "value": {
                "started": {
                    "requestId": "1aa799f7-055b-4a4d-b083-a99446c0bb65",
                    "service": "in.juspay.hyperapi",
                    "payload": {
                        "currentActivityId": "50f21767-010e-48e8-ad19-4d229029f673",
                        "signaturePayload": "[REDACTED]",
                        "processStartedTime": 1753121767210,
                        "offset": "0",
                        "merchant_root_view": "16908290",
                        "status": "PENDING",
                        "limit": "100",
                        "action": "upiListMandate",
                        "protected": "[REDACTED]",
                        "signature": "[REDACTED]",
                        "merchant_keyboard_mode": 16
                    }
                }
            },
            "os": "ANDROID",
            "level": "info",
            "subcategory": "hypersdk"
        },
        {
            "value": {
                "method": "POST",
                "url": "https://endpoint/mandates/list",
                "options": "{}",
                "payload": "{\"udfParameters\":\"{}\",\"status\":\"PENDING\",\"offset\":\"0\",\"merchantId\":\"merchantX\",\"merchantCustomerId\":\"[REDACTED]\",\"merchantChannelId\":\"merchantXAPP\",\"limit\":\"100\",\"checksum\":\"60657ff93bab9c2d21a6d0cefc4b75771752e9142b1360bda9f5d642da518122\"}",
                "start_time": 1753121767311
            },
            "os": "ANDROID",
            "level": "info",
            "subcategory": "network"
        },
        {
            "value": {
                "method": "POST",
                "url": "https://endpoint/mandates/list",
                "payload": null,
                "api_tag": "tag18",
                "start_time": 1753121767312
            },
            "os": "ANDROID",
            "level": "info",
            "subcategory": "network"
        },
        {
            "value": {
                "started": {
                    "requestId": "1aa799f7-055b-4a4d-b083-a99446c0bb65",
                    "service": "in.juspay.hyperapi",
                    "payload": {
                        "currentActivityId": "50f21767-010e-48e8-ad19-4d229029f673",
                        "signaturePayload": "[REDACTED]",
                        "processStartedTime": 1753121767210,
                        "offset": "0",
                        "merchant_root_view": "16908290",
                        "status": "PENDING",
                        "limit": "100",
                        "action": "upiListMandate",
                        "protected": "[REDACTED]",
                        "signature": "[REDACTED]",
                        "merchant_keyboard_mode": 16
                    }
                }
            },
            "os": "ANDROID",
            "level": "info",
            "subcategory": "system"
        },
        {
            "value": {
                "started": {
                    "requestId": "1aa799f7-055b-4a4d-b083-a99446c0bb65",
                    "service": "in.juspay.ec",
                    "payload": {
                        "currentActivityId": "50f21767-010e-48e8-ad19-4d229029f673",
                        "signaturePayload": "[REDACTED]",
                        "processStartedTime": 1753121767210,
                        "offset": "0",
                        "merchant_root_view": "16908290",
                        "status": "PENDING",
                        "limit": "100",
                        "lifecycleId": "sdk:[REDACTED]/os:25dacdab-07c6-4b21-827a-4d4ee075d125",
                        "action": "upiListMandate",
                        "protected": "[REDACTED]",
                        "signature": "[REDACTED]",
                        "merchant_keyboard_mode": 16
                    }
                }
            },
            "os": "ANDROID",
            "level": "info",
            "subcategory": "microapp"
        },
        {
            "value": {
                "data": {
                    "os_eval_scope": 281,
                    "os_main": 364,
                    "in.juspay.hyperupi": {
                        "ready": 1693,
                        "gettingblockmjos": 1,
                        "attaching": 2,
                        "checkandloadfiles": 2,
                        "createhooks": 0
                    },
                    "mjos_download": 23,
                    "onmerchantevent": 239,
                    "in.juspay.hyperapi": {
                        "ready": 143,
                        "gettingblockmjos": 4,
                        "attaching": 4,
                        "checkandloadfiles": 6,
                        "createhooks": 3
                    },
                    "os_loadjosconfig": 5,
                    "postconfig": 272,
                    "in.juspay.inappupi": {
                        "ready": 1943,
                        "gettingblockmjos": 0,
                        "attaching": 2348,
                        "checkandloadfiles": 2,
                        "createhooks": 0
                    },
                    "in.juspay.ec": {
                        "ready": 591,
                        "gettingblockmjos": 0,
                        "attaching": 9,
                        "checkandloadfiles": 5,
                        "createhooks": 0
                    },
                    "waitfordevicename": 0
                }
            },
            "os": "ANDROID",
            "level": "debug",
            "subcategory": "system"
        },
        {
            "value": {
                "response": "{\"status\":\"SUCCESS\",\"responseMessage\":\"SUCCESS\",\"responseCode\":\"SUCCESS\",\"payload\":{\"merchantChannelId\":\"merchantXAPP\",\"merchantId\":\"merchantX\",\"mandates\":[],\"merchantCustomerId\":\"[REDACTED]\"},\"sdkChecksum\":\"f5af60b73e18024af5b5a253dc805ebc7a3eca61315e21bca3c5bddbe678cfcc\",\"udfParameters\":\"{}\"}",
                "method": "POST",
                "url": "https://endpoint/mandates/list",
                "status_code": 200,
                "payload": "{\"udfParameters\":\"{}\",\"status\":\"PENDING\",\"offset\":\"0\",\"merchantId\":\"merchantX\",\"merchantCustomerId\":\"[REDACTED]\",\"merchantChannelId\":\"merchantXAPP\",\"limit\":\"100\",\"checksum\":\"60657ff93bab9c2d21a6d0cefc4b75771752e9142b1360bda9f5d642da518122\"}",
                "api_tag": "tag18",
                "end_time": 1753121767399,
                "start_time": 1753121767312
            },
            "os": "ANDROID",
            "level": "info",
            "subcategory": "network"
        },
        {
            "value": {
                "payload": {
                    "payload": {
                        "requestID": "1aa799f7-055b-4a4d-b083-a99446c0bb65"
                    },
                    "event": "hide_loader"
                }
            },
            "os": "ANDROID",
            "level": "info",
            "subcategory": "hypersdk"
        },
        {
            "value": {
                "ended": {
                    "errorMessage": "",
                    "requestId": "1aa799f7-055b-4a4d-b083-a99446c0bb65",
                    "service": "in.juspay.ec",
                    "payload": {
                        "status": "SUCCESS",
                        "responseMessage": "SUCCESS",
                        "action": "upiListMandate",
                        "mandateList": [],
                        "udfParameters": "{}",
                        "responseCode": "SUCCESS"
                    },
                    "errorCode": "",
                    "error": false
                }
            },
            "os": "ANDROID",
            "level": "info",
            "subcategory": "microapp"
        },
        {
            "value": {
                "loader": "hide",
                "disableLoader": false,
                "forceLoader": false,
                "merchantLoader": true
            },
            "os": "ANDROID",
            "level": "info",
            "subcategory": "system"
        },
        {
            "value": {
                "ended": {
                    "errorMessage": "",
                    "requestId": "1aa799f7-055b-4a4d-b083-a99446c0bb65",
                    "service": "in.juspay.hyperapi",
                    "payload": {
                        "status": "SUCCESS",
                        "responseMessage": "SUCCESS",
                        "action": "upiListMandate",
                        "mandateList": [],
                        "udfParameters": "{}",
                        "responseCode": "SUCCESS"
                    },
                    "errorCode": "",
                    "event": "process_result",
                    "error": false
                }
            },
            "os": "ANDROID",
            "level": "info",
            "subcategory": "hypersdk"
        },
        {
            "value": {
                "data": {
                    "os_eval_scope": 281,
                    "os_main": 364,
                    "in.juspay.hyperupi": {
                        "ready": 1693,
                        "gettingblockmjos": 1,
                        "attaching": 2,
                        "checkandloadfiles": 2,
                        "createhooks": 0
                    },
                    "mjos_download": 23,
                    "onmerchantevent": 239,
                    "in.juspay.hyperapi": {
                        "ready": 143,
                        "gettingblockmjos": 4,
                        "attaching": 4,
                        "checkandloadfiles": 6,
                        "createhooks": 3
                    },
                    "os_loadjosconfig": 5,
                    "postconfig": 272,
                    "in.juspay.inappupi": {
                        "ready": 1943,
                        "gettingblockmjos": 0,
                        "attaching": 2348,
                        "checkandloadfiles": 2,
                        "createhooks": 0
                    },
                    "in.juspay.ec": {
                        "ready": 591,
                        "gettingblockmjos": 0,
                        "attaching": 9,
                        "checkandloadfiles": 5,
                        "createhooks": 0
                    },
                    "waitfordevicename": 0
                }
            },
            "os": "ANDROID",
            "level": "debug",
            "subcategory": "system"
        },
        {
            "value": {
                "data": {
                    "os_eval_scope": 281,
                    "os_main": 364,
                    "in.juspay.hyperupi": {
                        "ready": 1693,
                        "gettingblockmjos": 1,
                        "attaching": 2,
                        "checkandloadfiles": 2,
                        "createhooks": 0
                    },
                    "mjos_download": 23,
                    "onmerchantevent": 239,
                    "in.juspay.hyperapi": {
                        "ready": 143,
                        "gettingblockmjos": 4,
                        "attaching": 4,
                        "checkandloadfiles": 6,
                        "createhooks": 3
                    },
                    "os_loadjosconfig": 5,
                    "postconfig": 272,
                    "in.juspay.inappupi": {
                        "ready": 1943,
                        "gettingblockmjos": 0,
                        "attaching": 2348,
                        "checkandloadfiles": 2,
                        "createhooks": 0
                    },
                    "in.juspay.ec": {
                        "ready": 591,
                        "gettingblockmjos": 0,
                        "attaching": 9,
                        "checkandloadfiles": 5,
                        "createhooks": 0
                    },
                    "waitfordevicename": 0
                }
            },
            "os": "ANDROID",
            "level": "debug",
            "subcategory": "system"
        },
        {
            "value": {
                "isInitialised()": {
                    "sdkState": "INITIATE_COMPLETED",
                    "isInitialised": true
                }
            },
            "os": "ANDROID",
            "level": "info",
            "subcategory": "hypersdk"
        },
        {
            "value": {
                "called_and_started": {
                    "requestId": "2ff6c11b-b007-41c4-80c8-43540c07f45d",
                    "service": "in.juspay.hyperapi",
                    "payload": {
                        "transactionTimestamp": "2025-07-21T23:46:05+05:30",
                        "currentActivityId": "50f21767-010e-48e8-ad19-4d229029f673",
                        "upiRequestId": "YJP[REDACTED]",
                        "transactionType": "CUSTOMER_DEBITED_VIA_PAY",
                        "signaturePayload": "[REDACTED]",
                        "processStartedTime": 1753121772881,
                        "merchant_root_view": "16908290",
                        "action": "upiTxnStatus",
                        "protected": "[REDACTED]",
                        "signature": "[REDACTED]",
                        "merchant_keyboard_mode": 16
                    }
                }
            },
            "os": "ANDROID",
            "level": "info",
            "subcategory": "hypersdk"
        },
        {
            "value": {
                "started": {
                    "requestId": "2ff6c11b-b007-41c4-80c8-43540c07f45d",
                    "service": "in.juspay.hyperapi",
                    "payload": {
                        "transactionTimestamp": "2025-07-21T23:46:05+05:30",
                        "currentActivityId": "50f21767-010e-48e8-ad19-4d229029f673",
                        "upiRequestId": "YJP[REDACTED]",
                        "transactionType": "CUSTOMER_DEBITED_VIA_PAY",
                        "signaturePayload": "[REDACTED]",
                        "processStartedTime": 1753121772881,
                        "merchant_root_view": "16908290",
                        "action": "upiTxnStatus",
                        "protected": "[REDACTED]",
                        "signature": "[REDACTED]",
                        "merchant_keyboard_mode": 16
                    }
                }
            },
            "os": "ANDROID",
            "level": "info",
            "subcategory": "hypersdk"
        },
        {
            "value": {
                "method": "POST",
                "url": "https://endpoint/transactions/status360",
                "options": "{}",
                "payload": "{\"upiRequestId\":\"YJP[REDACTED]\",\"udfParameters\":\"{}\",\"transactionType\":\"CUSTOMER_DEBITED_VIA_PAY\",\"transactionTimestamp\":\"2025-07-21T23:46:05+05:30\",\"merchantId\":\"merchantX\",\"merchantCustomerId\":\"[REDACTED]\",\"merchantChannelId\":\"merchantXAPP\",\"checksum\":\"65dae95ae5476087e17e0668969f22b6e305dedb4f1a9839453876e4a773b822\"}",
                "start_time": 1753121773025
            },
            "os": "ANDROID",
            "level": "info",
            "subcategory": "network"
        },
        {
            "value": {
                "method": "POST",
                "url": "https://endpoint/transactions/status360",
                "payload": null,
                "api_tag": "tag19",
                "start_time": 1753121773026
            },
            "os": "ANDROID",
            "level": "info",
            "subcategory": "network"
        },
        {
            "value": {
                "started": {
                    "requestId": "2ff6c11b-b007-41c4-80c8-43540c07f45d",
                    "service": "in.juspay.hyperapi",
                    "payload": {
                        "transactionTimestamp": "2025-07-21T23:46:05+05:30",
                        "currentActivityId": "50f21767-010e-48e8-ad19-4d229029f673",
                        "upiRequestId": "YJP[REDACTED]",
                        "transactionType": "CUSTOMER_DEBITED_VIA_PAY",
                        "signaturePayload": "[REDACTED]",
                        "processStartedTime": 1753121772881,
                        "merchant_root_view": "16908290",
                        "action": "upiTxnStatus",
                        "protected": "[REDACTED]",
                        "signature": "[REDACTED]",
                        "merchant_keyboard_mode": 16
                    }
                }
            },
            "os": "ANDROID",
            "level": "info",
            "subcategory": "system"
        },
        {
            "value": {
                "started": {
                    "requestId": "2ff6c11b-b007-41c4-80c8-43540c07f45d",
                    "service": "in.juspay.ec",
                    "payload": {
                        "transactionTimestamp": "2025-07-21T23:46:05+05:30",
                        "currentActivityId": "50f21767-010e-48e8-ad19-4d229029f673",
                        "upiRequestId": "YJP[REDACTED]",
                        "transactionType": "CUSTOMER_DEBITED_VIA_PAY",
                        "signaturePayload": "[REDACTED]",
                        "processStartedTime": 1753121772881,
                        "merchant_root_view": "16908290",
                        "lifecycleId": "sdk:[REDACTED]/os:f2f59c01-0717-475e-87e3-34a43bc43660",
                        "action": "upiTxnStatus",
                        "protected": "[REDACTED]",
                        "signature": "[REDACTED]",
                        "merchant_keyboard_mode": 16
                    }
                }
            },
            "os": "ANDROID",
            "level": "info",
            "subcategory": "microapp"
        },
        {
            "value": {
                "response": "{\"status\":\"SUCCESS\",\"responseMessage\":\"SUCCESS\",\"responseCode\":\"SUCCESS\",\"payload\":{\"payerMerchantCustomerId\":\"[REDACTED]\",\"transactionType\":\"SCAN_PAY\",\"refId\":\"[REDACTED]\",\"merchantChannelId\":\"merchantXAPP\",\"amount\":\"99.99\",\"maskedAccountNumber\":\"XXXXXX8557\",\"payeeName\":\"BABUL HUSSAIN\",\"merchantId\":\"merchantX\",\"refUrl\":\"https://www.juspay.io/in/\",\"payeeMcc\":\"0000\",\"customResponse\":\"{}\",\"gatewayResponseMessage\":\"Your transaction is successful\",\"payerVpa\":\"[REDACTED]\",\"merchantRequestId\":\"[REDACTED]\",\"gatewayResponseCode\":\"00\",\"purpose\":\"00\",\"gatewayReferenceId\":\"520209215896\",\"gatewayTransactionId\":\"YJP[REDACTED]\",\"payerMobileNumber\":\"[REDACTED]\",\"payeeVpa\":\"[REDACTED]\",\"transactionTimestamp\":\"2025-07-21T23:46:05+05:30\",\"udfParameters\":\"{}\",\"type\":\"CUSTOMER_DEBITED_VIA_PAY\",\"bankCode\":\"[REDACTED]\",\"merchantCustomerId\":\"[REDACTED]\",\"bankAccountUniqueId\":\"[REDACTED]\"},\"sdkChecksum\":\"e254cebd5d6b4e51561b481ea09b104ca73bc713bc7b8c6890dd103555059d18\",\"udfParameters\":\"{}\"}",
                "method": "POST",
                "url": "https://endpoint/transactions/status360",
                "status_code": 200,
                "payload": "{\"upiRequestId\":\"YJP[REDACTED]\",\"udfParameters\":\"{}\",\"transactionType\":\"CUSTOMER_DEBITED_VIA_PAY\",\"transactionTimestamp\":\"2025-07-21T23:46:05+05:30\",\"merchantId\":\"merchantX\",\"merchantCustomerId\":\"[REDACTED]\",\"merchantChannelId\":\"merchantXAPP\",\"checksum\":\"65dae95ae5476087e17e0668969f22b6e305dedb4f1a9839453876e4a773b822\"}",
                "api_tag": "tag19",
                "end_time": 1753121773111,
                "start_time": 1753121773026
            },
            "os": "ANDROID",
            "level": "info",
            "subcategory": "network"
        },
        {
            "value": {
                "payload": {
                    "payload": {
                        "requestID": "2ff6c11b-b007-41c4-80c8-43540c07f45d"
                    },
                    "event": "hide_loader"
                }
            },
            "os": "ANDROID",
            "level": "info",
            "subcategory": "hypersdk"
        },
        {
            "value": {
                "ended": {
                    "errorMessage": "",
                    "requestId": "2ff6c11b-b007-41c4-80c8-43540c07f45d",
                    "service": "in.juspay.hyperapi",
                    "payload": {
                        "payeeMcc": "0000",
                        "merchantId": "merchantX",
                        "transactionTimestamp": "2025-07-21T23:46:05+05:30",
                        "customResponse": "{}",
                        "purpose": "00",
                        "type": "CUSTOMER_DEBITED_VIA_PAY",
                        "gatewayReferenceId": "520209215896",
                        "transactionType": "SCAN_PAY",
                        "merchantCustomerId": "[REDACTED]",
                        "bankAccountUniqueId": "[REDACTED]",
                        "payerVpa": "[REDACTED]",
                        "bankCode": "[REDACTED]",
                        "refUrl": "https://www.juspay.io/in/",
                        "status": "SUCCESS",
                        "gatewayResponseCode": "00",
                        "payeeName": "BABUL HUSSAIN",
                        "responseMessage": "SUCCESS",
                        "payeeVpa": "[REDACTED]",
                        "action": "upiTxnStatus",
                        "gatewayTransactionId": "YJP[REDACTED]",
                        "maskedAccountNumber": "XXXXXX8557",
                        "udfParameters": "{}",
                        "gatewayResponseMessage": "Your transaction is successful",
                        "payerMobileNumber": "[REDACTED]",
                        "payerMerchantCustomerId": "[REDACTED]",
                        "merchantRequestId": "[REDACTED]",
                        "responseCode": "SUCCESS",
                        "amount": "99.99"
                    },
                    "errorCode": "",
                    "event": "process_result",
                    "error": false
                }
            },
            "os": "ANDROID",
            "level": "info",
            "subcategory": "hypersdk"
        },
        {
            "value": {
                "ended": {
                    "errorMessage": "",
                    "requestId": "2ff6c11b-b007-41c4-80c8-43540c07f45d",
                    "service": "in.juspay.ec",
                    "payload": {
                        "payeeMcc": "0000",
                        "merchantId": "merchantX",
                        "transactionTimestamp": "2025-07-21T23:46:05+05:30",
                        "customResponse": "{}",
                        "purpose": "00",
                        "type": "CUSTOMER_DEBITED_VIA_PAY",
                        "gatewayReferenceId": "520209215896",
                        "transactionType": "SCAN_PAY",
                        "merchantCustomerId": "[REDACTED]",
                        "bankAccountUniqueId": "[REDACTED]",
                        "payerVpa": "[REDACTED]",
                        "bankCode": "[REDACTED]",
                        "refUrl": "https://www.juspay.io/in/",
                        "status": "SUCCESS",
                        "gatewayResponseCode": "00",
                        "payeeName": "BABUL HUSSAIN",
                        "responseMessage": "SUCCESS",
                        "payeeVpa": "[REDACTED]",
                        "action": "upiTxnStatus",
                        "gatewayTransactionId": "YJP[REDACTED]",
                        "maskedAccountNumber": "XXXXXX8557",
                        "udfParameters": "{}",
                        "gatewayResponseMessage": "Your transaction is successful",
                        "payerMobileNumber": "[REDACTED]",
                        "payerMerchantCustomerId": "[REDACTED]",
                        "merchantRequestId": "[REDACTED]",
                        "responseCode": "SUCCESS",
                        "amount": "99.99"
                    },
                    "errorCode": "",
                    "error": false
                }
            },
            "os": "ANDROID",
            "level": "info",
            "subcategory": "microapp"
        },
        {
            "value": {
                "loader": "hide",
                "disableLoader": false,
                "forceLoader": false,
                "merchantLoader": true
            },
            "os": "ANDROID",
            "level": "info",
            "subcategory": "system"
        },
        {
            "value": {
                "title": "CL_STATUS_INFO",
                "value": "{\"cl_status\":\"opened\"}"
            },
            "os": "ANDROID",
            "level": "info",
            "subcategory": "system"
        },
        {
            "value": {
                "salt": "[REDACTED]",
                "payInfoArray": "[{\"value\":\"99.99\",\"name\":\"txnAmount\"},{\"value\":\"Punjab National Bank\",\"name\":\"Bank\"},{\"value\":\"BABUL HUSSAIN\",\"name\":\"payeeName\"},{\"value\":\"XXXXXX8557\",\"name\":\"account\"}]",
                "trustCred": "[REDACTED]",
                "configuration": "{\"verifiedMerchant\":\"false\",\"resendIssuerOTPFeature\":\"false\",\"resendAadhaarOTPFeature\":\"false\",\"payerBankName\":\"Punjab National Bank\",\"issuerResendOTPLimit\":\"2\",\"isAuthOffline\":\"false\",\"imageUrl\":\"https://www.someurl.com/bankimage.jpg\",\"getDeviceDetails\":\"false\",\"forgotUpiPINEnabled\":\"false\",\"enableUserAuth\":\"false\",\"color\":\"#123123\",\"captureCardDetails\":\"false\",\"backgroundColor\":\"#123123\",\"aadhaarResendOTPLimit\":\"1\"}",
                "credAllowed": "{\"CredAllowed\":[{\"type\":\"PIN\",\"subtype\":\"MPIN\",\"dType\":\"NUM\",\"dLength\":\"6\"}]}",
                "languagePref": "en_Us",
                "keyCode": "NPCI",
                "listKeyPayload": "[REDACTED]",
                "npciToken": "[REDACTED]"
            },
            "os": "ANDROID",
            "level": "info",
            "subcategory": "system"
        },
        {
            "value": {
                "status": "CLOSED"
            },
            "os": "ANDROID",
            "level": "info",
            "subcategory": "system"
        },
        {
            "value": {
                "title": "CL_STATUS_INFO",
                "value": "{\"mpinSubmitted\":true,\"latency\":4020.7000000011176,\"cl_status\":\"closed\"}"
            },
            "os": "ANDROID",
            "level": "info",
            "subcategory": "system"
        },
        {
            "value": {
                "title": "GET_CREDS_DIFF",
                "value": {
                    "diffInMs": 0
                }
            },
            "os": "ANDROID",
            "level": "info",
            "subcategory": "system"
        },
        {
            "value": {
                "title": "CACHE_VALIDITY",
                "value": "{ expiryType: \"HARD_EXPIRED\", key: \"SESSION_PARAMS_\", validFor: -1.0 }"
            },
            "os": "ANDROID",
            "level": "info",
            "subcategory": "system"
        },
        {
            "value": {
                "title": "AUTH_STATUS",
                "value": {
                    "key": "SESSION_PARAMS_",
                    "expiryType": "HARD_EXPIRED",
                    "cachedAtTs": 0
                }
            },
            "os": "ANDROID",
            "level": "info",
            "subcategory": "system"
        },
        {
            "value": {
                "title": "CACHE_VALIDITY",
                "value": "{ expiryType: \"VALID\", key: \"AUTH_PD\", validFor: 1524186.0 }"
            },
            "os": "ANDROID",
            "level": "info",
            "subcategory": "system"
        },
        {
            "value": {
                "title": "AUTH_STATUS",
                "value": {
                    "key": "AUTH_PD",
                    "expiryType": "VALID",
                    "cachedAtTs": 1753121488353
                }
            },
            "os": "ANDROID",
            "level": "info",
            "subcategory": "system"
        },
        {
            "value": {
                "title": "CACHE_VALIDITY",
                "value": "{ expiryType: \"VALID\", key: \"PSP_SESSION_TKN\", validFor: 330227.0 }"
            },
            "os": "ANDROID",
            "level": "info",
            "subcategory": "system"
        },
        {
            "value": {
                "title": "AUTH_STATUS",
                "value": {
                    "key": "PSP_SESSION_TKN",
                    "expiryType": "VALID",
                    "cachedAtTs": 1753121494400
                }
            },
            "os": "ANDROID",
            "level": "info",
            "subcategory": "system"
        },
        {
            "value": {
                "other_info": {
                    "error": "__fnf"
                },
                "error_msg": "SDK internal error",
                "status": "FAILURE",
                "error_code": "JP_001"
            },
            "os": "ANDROID",
            "level": "exception",
            "subcategory": "system"
        },
        {
            "value": {
                "latency": "2537.60000000149",
                "url": "https://endpoint/transactions/sendMoney"
            },
            "os": "ANDROID",
            "level": "info",
            "subcategory": "system"
        },
        {
            "value": {
                "ended": {
                    "errorMessage": "",
                    "requestId": "061d2ec0-6d43-4743-ad69-299045328ad4",
                    "service": "in.juspay.inappupi",
                    "payload": {
                        "payeeMcc": "0000",
                        "transactionTimestamp": "2025-07-21T23:46:05+05:30",
                        "customerMobileNumber": "[REDACTED]",
                        "gatewayReferenceId": "520209215896",
                        "bankAccountUniqueId": "[REDACTED]",
                        "bankCode": "[REDACTED]",
                        "refUrl": "https://www.juspay.io/in/",
                        "status": "SUCCESS",
                        "gatewayResponseCode": "00",
                        "payType": "SCAN_PAY",
                        "action": "upiSendMoney",
                        "gatewayTransactionId": "YJP[REDACTED]",
                        "maskedAccountNumber": "XXXXXX8557",
                        "udfParameters": "{}",
                        "gatewayResponseMessage": "Your transaction is successful",
                        "merchantRequestId": "[REDACTED]",
                        "amount": "99.99",
                        "customerVpa": "[REDACTED]"
                    },
                    "errorCode": "",
                    "event": "process_result",
                    "error": false
                }
            },
            "os": "ANDROID",
            "level": "info",
            "subcategory": "microapp"
        },
        {
            "value": {
                "Latency": {
                    "latency": 6638,
                    "latency_sub_ms": 6638.39999999851,
                    "action": "upiSendMoney",
                    "end_time": 1753121766727,
                    "start_time": 1753121760089
                }
            },
            "os": "ANDROID",
            "level": "info",
            "subcategory": "system"
        },
        {
            "value": {
                "ended": {
                    "errorMessage": "",
                    "requestId": "061d2ec0-6d43-4743-ad69-299045328ad4",
                    "service": "in.juspay.inappupi",
                    "payload": "{\"udfParameters\":\"{}\",\"transactionTimestamp\":\"2025-07-21T23:46:05+05:30\",\"status\":\"SUCCESS\",\"refUrl\":\"https://www.juspay.io/in/\",\"payeeMcc\":\"0000\",\"payType\":\"SCAN_PAY\",\"merchantRequestId\":\"[REDACTED]\",\"maskedAccountNumber\":\"XXXXXX8557\",\"gatewayTransactionId\":\"YJP[REDACTED]\",\"gatewayResponseMessage\":\"Your transaction is successful\",\"gatewayResponseCode\":\"00\",\"gatewayReferenceId\":\"520209215896\",\"customerVpa\":\"[REDACTED]\",\"customerMobileNumber\":\"[REDACTED]\",\"bankCode\":\"[REDACTED]\",\"bankAccountUniqueId\":\"[REDACTED]\",\"amount\":\"99.99\",\"action\":\"upiSendMoney\"}",
                    "errorCode": "",
                    "error": false
                }
            },
            "os": "ANDROID",
            "level": "info",
            "subcategory": "microapp"
        },
        {
            "value": {
                "started": {
                    "requestId": "7fd71670-7d9c-401f-adeb-b4eb92ffd861",
                    "service": "in.juspay.inappupi",
                    "payload": "{\"service\":\"in.juspay.inappupi\",\"requestId\":\"7fd71670-7d9c-401f-adeb-b4eb92ffd861\",\"payload\":{\"action\":\"upiListPendingTransactions\",\"limit\":100,\"offset\":0,\"signature\":\"signatureValue\",\"signaturePayload\":\"signaturePayloadValue\",\"protected\":\"protectedKey\",\"merchant_root_view\":\"16908290\",\"merchant_keyboard_mode\":16,\"processStartedTime\":1753121766924,\"currentActivityId\":\"50f21767-010e-48e8-ad19-4d229029f673\",\"lifecycleId\":\"sdk:[REDACTED]/os:dcaae92f-42a1-4e95-9d68-c1ba64d03743\"},\"lifecycleId\":\"sdk:[REDACTED]/os:dcaae92f-42a1-4e95-9d68-c1ba64d03743\"}"
                }
            },
            "os": "ANDROID",
            "level": "info",
            "subcategory": "microapp"
        },
        {
            "value": {
                "started": {
                    "requestId": "7fd71670-7d9c-401f-adeb-b4eb92ffd861",
                    "service": "in.juspay.inappupi",
                    "payload": {
                        "offset": 0,
                        "limit": 100,
                        "action": "upiListPendingTransactions",
                        "udfParameters": null
                    },
                    "lifeCycleId": null
                }
            },
            "os": "ANDROID",
            "level": "info",
            "subcategory": "microapp"
        },
        {
            "value": {
                "title": "CACHE_VALIDITY",
                "value": "{ expiryType: \"HARD_EXPIRED\", key: \"SESSION_PARAMS_\", validFor: -1.0 }"
            },
            "os": "ANDROID",
            "level": "info",
            "subcategory": "system"
        },
        {
            "value": {
                "title": "AUTH_STATUS",
                "value": {
                    "key": "SESSION_PARAMS_",
                    "expiryType": "HARD_EXPIRED",
                    "cachedAtTs": 0
                }
            },
            "os": "ANDROID",
            "level": "info",
            "subcategory": "system"
        },
        {
            "value": {
                "title": "CACHE_VALIDITY",
                "value": "{ expiryType: \"VALID\", key: \"AUTH_PD\", validFor: 1521320.0 }"
            },
            "os": "ANDROID",
            "level": "info",
            "subcategory": "system"
        },
        {
            "value": {
                "title": "AUTH_STATUS",
                "value": {
                    "key": "AUTH_PD",
                    "expiryType": "VALID",
                    "cachedAtTs": 1753121488353
                }
            },
            "os": "ANDROID",
            "level": "info",
            "subcategory": "system"
        },
        {
            "value": {
                "title": "CACHE_VALIDITY",
                "value": "{ expiryType: \"VALID\", key: \"PSP_SESSION_TKN\", validFor: 327361.0 }"
            },
            "os": "ANDROID",
            "level": "info",
            "subcategory": "system"
        },
        {
            "value": {
                "title": "AUTH_STATUS",
                "value": {
                    "key": "PSP_SESSION_TKN",
                    "expiryType": "VALID",
                    "cachedAtTs": 1753121494400
                }
            },
            "os": "ANDROID",
            "level": "info",
            "subcategory": "system"
        },
        {
            "value": {
                "latency": "108.5",
                "url": "https://endpoint/transactions/pending"
            },
            "os": "ANDROID",
            "level": "info",
            "subcategory": "system"
        },
        {
            "value": {
                "ended": {
                    "errorMessage": "",
                    "requestId": "7fd71670-7d9c-401f-adeb-b4eb92ffd861",
                    "service": "in.juspay.inappupi",
                    "payload": {
                        "status": "SUCCESS",
                        "count": 0,
                        "action": "upiListPendingTransactions",
                        "udfParameters": "{}",
                        "pendingTransactions": []
                    },
                    "errorCode": "",
                    "event": "process_result",
                    "error": false
                }
            },
            "os": "ANDROID",
            "level": "info",
            "subcategory": "microapp"
        },
        {
            "value": {
                "Latency": {
                    "latency": 165,
                    "latency_sub_ms": 164.39999999850988,
                    "action": "upiListPendingTransactions",
                    "end_time": 1753121767158,
                    "start_time": 1753121766993
                }
            },
            "os": "ANDROID",
            "level": "info",
            "subcategory": "system"
        },
        {
            "value": {
                "ended": {
                    "errorMessage": "",
                    "requestId": "7fd71670-7d9c-401f-adeb-b4eb92ffd861",
                    "service": "in.juspay.inappupi",
                    "payload": "{\"udfParameters\":\"{}\",\"status\":\"SUCCESS\",\"pendingTransactions\":[],\"count\":0,\"action\":\"upiListPendingTransactions\"}",
                    "errorCode": "",
                    "error": false
                }
            },
            "os": "ANDROID",
            "level": "info",
            "subcategory": "microapp"
        },
        {
            "value": {
                "started": {
                    "requestId": "1aa799f7-055b-4a4d-b083-a99446c0bb65",
                    "service": "in.juspay.inappupi",
                    "payload": "{\"service\":\"in.juspay.inappupi\",\"requestId\":\"1aa799f7-055b-4a4d-b083-a99446c0bb65\",\"payload\":{\"action\":\"upiListMandate\",\"limit\":\"100\",\"offset\":\"0\",\"status\":\"PENDING\",\"signature\":\"signatureValue\",\"signaturePayload\":\"signaturePayloadValue\",\"protected\":\"protectedKey\",\"merchant_root_view\":\"16908290\",\"merchant_keyboard_mode\":16,\"processStartedTime\":1753121767210,\"currentActivityId\":\"50f21767-010e-48e8-ad19-4d229029f673\",\"lifecycleId\":\"sdk:[REDACTED]/os:74080b1d-0c3a-42d9-8c65-97bad1f70ed2\"},\"lifecycleId\":\"sdk:[REDACTED]/os:74080b1d-0c3a-42d9-8c65-97bad1f70ed2\"}"
                }
            },
            "os": "ANDROID",
            "level": "info",
            "subcategory": "microapp"
        },
        {
            "value": {
                "started": {
                    "requestId": "1aa799f7-055b-4a4d-b083-a99446c0bb65",
                    "service": "in.juspay.inappupi",
                    "payload": {
                        "signaturePayload": "[REDACTED]",
                        "merchantKeyId": null,
                        "offset": "0",
                        "status": "PENDING",
                        "limit": "100",
                        "action": "upiListMandate",
                        "udfParameters": null,
                        "signature": "[REDACTED]",
                        "clientAuthToken": null
                    },
                    "lifeCycleId": null
                }
            },
            "os": "ANDROID",
            "level": "info",
            "subcategory": "microapp"
        },
        {
            "value": {
                "title": "CACHE_VALIDITY",
                "value": "{ expiryType: \"HARD_EXPIRED\", key: \"SESSION_PARAMS_\", validFor: -1.0 }"
            },
            "os": "ANDROID",
            "level": "info",
            "subcategory": "system"
        },
        {
            "value": {
                "title": "AUTH_STATUS",
                "value": {
                    "key": "SESSION_PARAMS_",
                    "expiryType": "HARD_EXPIRED",
                    "cachedAtTs": 0
                }
            },
            "os": "ANDROID",
            "level": "info",
            "subcategory": "system"
        },
        {
            "value": {
                "title": "CACHE_VALIDITY",
                "value": "{ expiryType: \"VALID\", key: \"AUTH_PD\", validFor: 1521059.0 }"
            },
            "os": "ANDROID",
            "level": "info",
            "subcategory": "system"
        },
        {
            "value": {
                "title": "AUTH_STATUS",
                "value": {
                    "key": "AUTH_PD",
                    "expiryType": "VALID",
                    "cachedAtTs": 1753121488353
                }
            },
            "os": "ANDROID",
            "level": "info",
            "subcategory": "system"
        },
        {
            "value": {
                "title": "CACHE_VALIDITY",
                "value": "{ expiryType: \"VALID\", key: \"PSP_SESSION_TKN\", validFor: 327101.0 }"
            },
            "os": "ANDROID",
            "level": "info",
            "subcategory": "system"
        },
        {
            "value": {
                "title": "AUTH_STATUS",
                "value": {
                    "key": "PSP_SESSION_TKN",
                    "expiryType": "VALID",
                    "cachedAtTs": 1753121494400
                }
            },
            "os": "ANDROID",
            "level": "info",
            "subcategory": "system"
        },
        {
            "value": {
                "latency": "95.40000000037253",
                "url": "https://endpoint/mandates/list"
            },
            "os": "ANDROID",
            "level": "info",
            "subcategory": "system"
        },
        {
            "value": {
                "ended": {
                    "errorMessage": "",
                    "requestId": "1aa799f7-055b-4a4d-b083-a99446c0bb65",
                    "service": "in.juspay.inappupi",
                    "payload": {
                        "status": "SUCCESS",
                        "responseMessage": "SUCCESS",
                        "action": "upiListMandate",
                        "mandateList": [],
                        "udfParameters": "{}",
                        "responseCode": "SUCCESS"
                    },
                    "errorCode": "",
                    "event": "process_result",
                    "error": false
                }
            },
            "os": "ANDROID",
            "level": "info",
            "subcategory": "microapp"
        },
        {
            "value": {
                "Latency": {
                    "latency": 164,
                    "latency_sub_ms": 164.5,
                    "action": "upiListMandate",
                    "end_time": 1753121767407,
                    "start_time": 1753121767243
                }
            },
            "os": "ANDROID",
            "level": "info",
            "subcategory": "system"
        },
        {
            "value": {
                "ended": {
                    "errorMessage": "",
                    "requestId": "1aa799f7-055b-4a4d-b083-a99446c0bb65",
                    "service": "in.juspay.inappupi",
                    "payload": "{\"udfParameters\":\"{}\",\"status\":\"SUCCESS\",\"responseMessage\":\"SUCCESS\",\"responseCode\":\"SUCCESS\",\"mandateList\":[],\"action\":\"upiListMandate\"}",
                    "errorCode": "",
                    "error": false
                }
            },
            "os": "ANDROID",
            "level": "info",
            "subcategory": "microapp"
        },
        {
            "value": {
                "started": {
                    "requestId": "2ff6c11b-b007-41c4-80c8-43540c07f45d",
                    "service": "in.juspay.inappupi",
                    "payload": "{\"service\":\"in.juspay.inappupi\",\"requestId\":\"2ff6c11b-b007-41c4-80c8-43540c07f45d\",\"payload\":{\"action\":\"upiTxnStatus\",\"signature\":\"signatureValue\",\"signaturePayload\":\"signaturePayloadValue\",\"protected\":\"protectedKey\",\"upiRequestId\":\"YJP[REDACTED]\",\"transactionType\":\"CUSTOMER_DEBITED_VIA_PAY\",\"transactionTimestamp\":\"2025-07-21T23:46:05+05:30\",\"merchant_root_view\":\"16908290\",\"merchant_keyboard_mode\":16,\"processStartedTime\":1753121772881,\"currentActivityId\":\"50f21767-010e-48e8-ad19-4d229029f673\",\"lifecycleId\":\"sdk:[REDACTED]/os:de76f305-923e-450b-8088-55dc62f38957\"},\"lifecycleId\":\"sdk:[REDACTED]/os:de76f305-923e-450b-8088-55dc62f38957\"}"
                }
            },
            "os": "ANDROID",
            "level": "info",
            "subcategory": "microapp"
        },
        {
            "value": {
                "started": {
                    "requestId": "2ff6c11b-b007-41c4-80c8-43540c07f45d",
                    "service": "in.juspay.inappupi",
                    "payload": {
                        "transactionTimestamp": "2025-07-21T23:46:05+05:30",
                        "upiRequestId": "YJP[REDACTED]",
                        "transactionType": "CUSTOMER_DEBITED_VIA_PAY",
                        "signaturePayload": "[REDACTED]",
                        "merchantKeyId": null,
                        "action": "upiTxnStatus",
                        "checkWithUdir": null,
                        "udfParameters": null,
                        "signature": "[REDACTED]",
                        "merchantRequestId": null,
                        "clientAuthToken": null
                    },
                    "lifeCycleId": null
                }
            },
            "os": "ANDROID",
            "level": "info",
            "subcategory": "microapp"
        },
        {
            "value": {
                "title": "CACHE_VALIDITY",
                "value": "{ expiryType: \"HARD_EXPIRED\", key: \"SESSION_PARAMS_\", validFor: -1.0 }"
            },
            "os": "ANDROID",
            "level": "info",
            "subcategory": "system"
        },
        {
            "value": {
                "title": "AUTH_STATUS",
                "value": {
                    "key": "SESSION_PARAMS_",
                    "expiryType": "HARD_EXPIRED",
                    "cachedAtTs": 0
                }
            },
            "os": "ANDROID",
            "level": "info",
            "subcategory": "system"
        },
        {
            "value": {
                "title": "CACHE_VALIDITY",
                "value": "{ expiryType: \"VALID\", key: \"AUTH_PD\", validFor: 1515350.0 }"
            },
            "os": "ANDROID",
            "level": "info",
            "subcategory": "system"
        },
        {
            "value": {
                "title": "AUTH_STATUS",
                "value": {
                    "key": "AUTH_PD",
                    "expiryType": "VALID",
                    "cachedAtTs": 1753121488353
                }
            },
            "os": "ANDROID",
            "level": "info",
            "subcategory": "system"
        },
        {
            "value": {
                "title": "CACHE_VALIDITY",
                "value": "{ expiryType: \"VALID\", key: \"PSP_SESSION_TKN\", validFor: 321388.0 }"
            },
            "os": "ANDROID",
            "level": "info",
            "subcategory": "system"
        },
        {
            "value": {
                "title": "AUTH_STATUS",
                "value": {
                    "key": "PSP_SESSION_TKN",
                    "expiryType": "VALID",
                    "cachedAtTs": 1753121494400
                }
            },
            "os": "ANDROID",
            "level": "info",
            "subcategory": "system"
        },
        {
            "value": {
                "latency": "97.69999999925494",
                "url": "https://endpoint/transactions/status360"
            },
            "os": "ANDROID",
            "level": "info",
            "subcategory": "system"
        },
        {
            "value": {
                "ended": {
                    "errorMessage": "",
                    "requestId": "2ff6c11b-b007-41c4-80c8-43540c07f45d",
                    "service": "in.juspay.inappupi",
                    "payload": {
                        "payeeMcc": "0000",
                        "merchantId": "merchantX",
                        "transactionTimestamp": "2025-07-21T23:46:05+05:30",
                        "customResponse": "{}",
                        "purpose": "00",
                        "type": "CUSTOMER_DEBITED_VIA_PAY",
                        "gatewayReferenceId": "520209215896",
                        "transactionType": "SCAN_PAY",
                        "merchantCustomerId": "[REDACTED]",
                        "bankAccountUniqueId": "[REDACTED]",
                        "payerVpa": "[REDACTED]",
                        "bankCode": "[REDACTED]",
                        "refUrl": "https://www.juspay.io/in/",
                        "status": "SUCCESS",
                        "gatewayResponseCode": "00",
                        "payeeName": "BABUL HUSSAIN",
                        "responseMessage": "SUCCESS",
                        "payeeVpa": "[REDACTED]",
                        "action": "upiTxnStatus",
                        "gatewayTransactionId": "YJP[REDACTED]",
                        "maskedAccountNumber": "XXXXXX8557",
                        "udfParameters": "{}",
                        "gatewayResponseMessage": "Your transaction is successful",
                        "payerMobileNumber": "[REDACTED]",
                        "payerMerchantCustomerId": "[REDACTED]",
                        "merchantRequestId": "[REDACTED]",
                        "responseCode": "SUCCESS",
                        "amount": "99.99"
                    },
                    "errorCode": "",
                    "event": "process_result",
                    "error": false
                }
            },
            "os": "ANDROID",
            "level": "info",
            "subcategory": "microapp"
        },
        {
            "value": {
                "Latency": {
                    "latency": 154,
                    "latency_sub_ms": 153.5,
                    "action": "upiTxnStatus",
                    "end_time": 1753121773124,
                    "start_time": 1753121772970
                }
            },
            "os": "ANDROID",
            "level": "info",
            "subcategory": "system"
        },
        {
            "value": {
                "ended": {
                    "errorMessage": "",
                    "requestId": "2ff6c11b-b007-41c4-80c8-43540c07f45d",
                    "service": "in.juspay.inappupi",
                    "payload": "{\"udfParameters\":\"{}\",\"type\":\"CUSTOMER_DEBITED_VIA_PAY\",\"transactionType\":\"SCAN_PAY\",\"transactionTimestamp\":\"2025-07-21T23:46:05+05:30\",\"status\":\"SUCCESS\",\"responseMessage\":\"SUCCESS\",\"responseCode\":\"SUCCESS\",\"refUrl\":\"https://www.juspay.io/in/\",\"purpose\":\"00\",\"payerVpa\":\"[REDACTED]\",\"payerMobileNumber\":\"[REDACTED]\",\"payerMerchantCustomerId\":\"[REDACTED]\",\"payeeVpa\":\"[REDACTED]\",\"payeeName\":\"BABUL HUSSAIN\",\"payeeMcc\":\"0000\",\"merchantRequestId\":\"[REDACTED]\",\"merchantId\":\"merchantX\",\"merchantCustomerId\":\"[REDACTED]\",\"maskedAccountNumber\":\"XXXXXX8557\",\"gatewayTransactionId\":\"YJP[REDACTED]\",\"gatewayResponseMessage\":\"Your transaction is successful\",\"gatewayResponseCode\":\"00\",\"gatewayReferenceId\":\"520209215896\",\"customResponse\":\"{}\",\"bankCode\":\"[REDACTED]\",\"bankAccountUniqueId\":\"[REDACTED]\",\"amount\":\"99.99\",\"action\":\"upiTxnStatus\"}",
                    "errorCode": "",
                    "error": false
                }
            },
            "os": "ANDROID",
            "level": "info",
            "subcategory": "microapp"
        },
        {
            "value": {
                "data": {
                    "os_eval_scope": 281,
                    "os_main": 364,
                    "in.juspay.hyperupi": {
                        "ready": 1693,
                        "gettingblockmjos": 1,
                        "attaching": 2,
                        "checkandloadfiles": 2,
                        "createhooks": 0
                    },
                    "mjos_download": 23,
                    "onmerchantevent": 5730,
                    "in.juspay.hyperapi": {
                        "ready": 143,
                        "gettingblockmjos": 4,
                        "attaching": 4,
                        "checkandloadfiles": 6,
                        "createhooks": 3
                    },
                    "os_loadjosconfig": 5,
                    "postconfig": 272,
                    "in.juspay.inappupi": {
                        "ready": 1943,
                        "gettingblockmjos": 0,
                        "attaching": 2348,
                        "checkandloadfiles": 2,
                        "createhooks": 0
                    },
                    "in.juspay.ec": {
                        "ready": 591,
                        "gettingblockmjos": 0,
                        "attaching": 9,
                        "checkandloadfiles": 5,
                        "createhooks": 0
                    },
                    "waitfordevicename": 0
                }
            },
            "os": "ANDROID",
            "level": "debug",
            "subcategory": "system"
        },
        {
            "value": {
                "event": "onPause"
            },
            "level": "debug",
            "subcategory": "system"
        },
        {
            "value": {
                "event": "onStop"
            },
            "level": "debug",
            "subcategory": "system"
        },
        {
            "value": {
                "event": "OnSavedStateInstance"
            },
            "level": "debug",
            "subcategory": "system"
        },
        {
            "value": {
                "event": "onResume"
            },
            "level": "debug",
            "subcategory": "system"
        },
        {
            "value": {
                "started": {
                    "requestId": "e2505d04-a102-473d-921b-1363bbf85329",
                    "service": "in.juspay.hyperapi",
                    "payload": {
                        "issuingPsp": "YES_BIZ",
                        "environment": "production",
                        "clientId": "merchantX",
                        "initiateStartedTime": 1753121488642,
                        "enableJwsAuth": true,
                        "theme": "dark",
                        "action": "initiate",
                        "merchantLoader": true
                    },
                    "theme": "dark"
                }
            },
            "os": "ANDROID",
            "level": "info",
            "subcategory": "hypersdk"
        },
        {
            "value": {
                "ExceptionHandler": "registered HyperExceptionHandler as default uncaught exception handler"
            },
            "os": "ANDROID",
            "level": "info",
            "subcategory": "hypersdk"
        },
        {
            "value": {
                "readFromInternalStorage": "Returning the file content without decryption for sdk_config_godel_2.2.1.json"
            },
            "os": "ANDROID",
            "level": "debug",
            "subcategory": "system"
        },
        {
            "value": {
                "url_loaded": "base.html"
            },
            "os": "ANDROID",
            "level": "info",
            "subcategory": "hypersdk"
        },
        {
            "value": {
                "ExceptionHandler": "created HyperExceptionHandler"
            },
            "os": "ANDROID",
            "level": "info",
            "subcategory": "hypersdk"
        },
        {
            "value": {
                "sdk_create": "success"
            },
            "os": "ANDROID",
            "level": "info",
            "subcategory": "hypersdk"
        },
        {
            "value": {
                "view_group": false
            },
            "os": "ANDROID",
            "level": "info",
            "subcategory": "hypersdk"
        },
        {
            "value": {
                "isInitialised()": {
                    "sdkState": "INSTANTIATED",
                    "isInitialised": false
                }
            },
            "os": "ANDROID",
            "level": "info",
            "subcategory": "hypersdk"
        },
        {
            "value": {
                "started": "Started initiating the SDK"
            },
            "os": "ANDROID",
            "level": "info",
            "subcategory": "hypersdk"
        },
        {
            "value": {
                "fragment_activity_used": "true"
            },
            "os": "ANDROID",
            "level": "info",
            "subcategory": "hypersdk"
        },
        {
            "value": {
                "memory_info": {
                    "threshold_memory": 226492416,
                    "total_memory": 7805681664,
                    "available_memory": 2561761280
                }
            },
            "os": "ANDROID",
            "level": "info",
            "subcategory": "device"
        },
        {
            "value": {
                "ExceptionHandler": "registered HyperExceptionHandler as default uncaught exception handler"
            },
            "os": "ANDROID",
            "level": "info",
            "subcategory": "hypersdk"
        },
        {
            "value": {
                "init": {
                    "client_id": "merchantX"
                }
            },
            "os": "ANDROID",
            "level": "info",
            "subcategory": "hypersdk"
        },
        {
            "value": {
                "readFromInternalStorage": "Returning the file content without decryption for app/pkg_godel_2.2.1.json"
            },
            "os": "ANDROID",
            "level": "debug",
            "subcategory": "system"
        },
        {
            "value": {
                "message": "read from internal storage failed. /data/user/0/com.merchantX.android/app_juspay/app/resources_godel_2.2.1.json: open failed: ENOENT (No such file or directory)",
                "stacktrace": "java.io.FileNotFoundException: /data/user/0/com.merchantX.android/app_juspay/app/resources_godel_2.2.1.json: open failed: ENOENT (No such file or directory)\n\tat libcore.io.IoBridge.open(IoBridge.java:574)\n\tat java.io.FileInputStream.<init>(FileInputStream.java:179)\n\tat in.juspay.hypersdk.services.FileProviderService.readFromInternalStorage(Unknown Source:89)\n\tat in.juspay.hypersdk.services.FileProviderService.readFromFile(SourceFile:2)\n\tat in.juspay.hypersdk.services.FileProviderService.readFromFile(SourceFile:1)\n\tat in.juspay.hypersdk.ota.ApplicationManager.readFile(Unknown Source:21)\n\tat in.juspay.hypersdk.ota.ApplicationManager.readFileAsync$lambda$12(Unknown Source:10)\n\tat in.juspay.hypersdk.ota.ApplicationManager.b(SourceFile:1)\n\tat in.juspay.hypersdk.ota.a.call(SourceFile:1)\n\tat java.util.concurrent.FutureTask.run(FutureTask.java:264)\n\tat java.util.concurrent.ThreadPoolExecutor.runWorker(ThreadPoolExecutor.java:1145)\n\tat java.util.concurrent.ThreadPoolExecutor$Worker.run(ThreadPoolExecutor.java:644)\n\tat java.lang.Thread.run(Thread.java:1012)\nCaused by: android.system.ErrnoException: open failed: ENOENT (No such file or directory)\n\tat libcore.io.Linux.open(Native Method)\n\tat libcore.io.ForwardingOs.open(ForwardingOs.java:563)\n\tat libcore.io.BlockGuardOs.open(BlockGuardOs.java:274)\n\tat libcore.io.ForwardingOs.open(ForwardingOs.java:563)\n\tat android.app.ActivityThread$AndroidOs.open(ActivityThread.java:9700)\n\tat libcore.io.IoBridge.open(IoBridge.java:560)\n\t... 12 more\n"
            },
            "os": "ANDROID",
            "level": "exception",
            "subcategory": "system"
        },
        {
            "value": {
                "message": "read from internal storage failed. /data/user/0/com.merchantX.android/app_juspay/app/config_godel_2.2.1.json: open failed: ENOENT (No such file or directory)",
                "stacktrace": "java.io.FileNotFoundException: /data/user/0/com.merchantX.android/app_juspay/app/config_godel_2.2.1.json: open failed: ENOENT (No such file or directory)\n\tat libcore.io.IoBridge.open(IoBridge.java:574)\n\tat java.io.FileInputStream.<init>(FileInputStream.java:179)\n\tat in.juspay.hypersdk.services.FileProviderService.readFromInternalStorage(Unknown Source:89)\n\tat in.juspay.hypersdk.services.FileProviderService.readFromFile(SourceFile:2)\n\tat in.juspay.hypersdk.services.FileProviderService.readFromFile(SourceFile:1)\n\tat in.juspay.hypersdk.ota.ApplicationManager.readFile(Unknown Source:21)\n\tat in.juspay.hypersdk.ota.ApplicationManager.readFileAsync$lambda$12(Unknown Source:10)\n\tat in.juspay.hypersdk.ota.ApplicationManager.b(SourceFile:1)\n\tat in.juspay.hypersdk.ota.a.call(SourceFile:1)\n\tat java.util.concurrent.FutureTask.run(FutureTask.java:264)\n\tat java.util.concurrent.ThreadPoolExecutor.runWorker(ThreadPoolExecutor.java:1145)\n\tat java.util.concurrent.ThreadPoolExecutor$Worker.run(ThreadPoolExecutor.java:644)\n\tat java.lang.Thread.run(Thread.java:1012)\nCaused by: android.system.ErrnoException: open failed: ENOENT (No such file or directory)\n\tat libcore.io.Linux.open(Native Method)\n\tat libcore.io.ForwardingOs.open(ForwardingOs.java:563)\n\tat libcore.io.BlockGuardOs.open(BlockGuardOs.java:274)\n\tat libcore.io.ForwardingOs.open(ForwardingOs.java:563)\n\tat android.app.ActivityThread$AndroidOs.open(ActivityThread.java:9700)\n\tat libcore.io.IoBridge.open(IoBridge.java:560)\n\t... 12 more\n"
            },
            "os": "ANDROID",
            "level": "exception",
            "subcategory": "system"
        },
        {
            "value": {
                "android_id": "d779c27b-2714-4d87-abda-d147589a6b90",
                "device_id": "b3fbaa42-abf1-46db-91fe-2bed862891c5"
            },
            "os": "ANDROID",
            "level": "info",
            "subcategory": "device"
        },
        {
            "value": {
                "bundleParams": "{\"requestId\":\"e2505d04-a102-473d-921b-1363bbf85329\",\"service\":\"in.juspay.hyperapi\",\"theme\":\"dark\",\"payload\":{\"action\":\"initiate\",\"clientId\":\"merchantX\",\"environment\":\"production\",\"issuingPsp\":\"YES_BIZ\",\"enableJwsAuth\":true,\"merchantLoader\":true,\"theme\":\"dark\",\"initiateStartedTime\":1753121488642,\"currentActivityId\":\"50f21767-010e-48e8-ad19-4d229029f673\"},\"service_based\":true,\"use_local_assets\":false,\"sdkName\":\"godel\",\"sdkVersion\":\"2.2.1\"}",
                "sessionData": {
                    "session_id": "[REDACTED]",
                    "os": "android",
                    "is_dev_enabled": "false",
                    "android_id": "4516c8854197a64c09edcba59459d10b630e1da64647b4935906d3123b2b5d76",
                    "network_info": "cellular",
                    "model": "V2303",
                    "app_debuggable": false,
                    "android_api_level": "35",
                    "screen_height": "2313",
                    "dir_name": "/data/app/~~sLFqHoHZOOsi2tp5alwSzg==/com.merchantX.android-X22q1C1aJ-OJng0ZqkQutw==/base.apk",
                    "device_id": "b3fbaa42-abf1-46db-91fe-2bed862891c5",
                    "app_version": "2.0.22",
                    "locale": "English",
                    "vpn_connected": "false",
                    "screen_width": "1080",
                    "app_name": "POP",
                    "brand": "vivo",
                    "app_version_code": 85,
                    "manufacturer": "vivo",
                    "os_version": "15",
                    "network_type": "20",
                    "is_rooted": "false",
                    "package_name": "com.merchantX.android",
                    "client_id": "merchantX",
                    "merchant_id": "",
                    "sdk_debuggable": false,
                    "ip_address": "192.0.0.8",
                    "screen_ppi": "386.366"
                }
            },
            "os": "ANDROID",
            "level": "info",
            "subcategory": "device"
        },
        {
            "value": {
                "init": {
                    "package_version": "3.6.21.2",
                    "config_version": "v0",
                    "app_update_id": "c04b1deb-d3bf-43f9-9b37-48c43dee5643"
                }
            },
            "os": "ANDROID",
            "level": "info",
            "subcategory": "system"
        },
        {
            "value": {
                "message": "Received event from web view."
            },
            "os": "ANDROID",
            "level": "info",
            "subcategory": "hypersdk"
        },
        {
            "value": {
                "isInitialised()": {
                    "sdkState": "INITIATE_STARTED",
                    "isInitialised": true
                }
            },
            "os": "ANDROID",
            "level": "info",
            "subcategory": "hypersdk"
        },
        {
            "value": {
                "queued": {
                    "requestId": "2cc25f11-eb6a-4e53-ab67-c840676b0d84",
                    "service": "in.juspay.hyperapi",
                    "payload": {
                        "action": "upiCheckPermission"
                    }
                }
            },
            "os": "ANDROID",
            "level": "info",
            "subcategory": "hypersdk"
        },
        {
            "value": {
                "release_config_fetch": {
                    "status": 200,
                    "app_update_id": "c04b1deb-d3bf-43f9-9b37-48c43dee5643",
                    "time_taken": 841,
                    "release_config_url": "https://assets.juspay.in/hyper/bundles/in.juspay.merchants/merchantX/android/release/release-config.json?toss=62"
                }
            },
            "os": "ANDROID",
            "level": "info",
            "subcategory": "system"
        },
        {
            "value": {
                "readFromInternalStorage": "Returning the file content without decryption for app/state_godel_2.2.1.json"
            },
            "os": "ANDROID",
            "level": "debug",
            "subcategory": "system"
        },
        {
            "value": {
                "end": {
                    "app_update_id": "c04b1deb-d3bf-43f9-9b37-48c43dee5643",
                    "time_taken": 886
                }
            },
            "os": "ANDROID",
            "level": "info",
            "subcategory": "system"
        },
        {
            "value": {
                "update_result": {
                    "result": "NA"
                }
            },
            "os": "ANDROID",
            "level": "info",
            "subcategory": "hypersdk"
        },
        {
            "value": {
                "readFromInternalStorage": "Returning the file content without decryption for app/state_godel_2.2.1.json"
            },
            "os": "ANDROID",
            "level": "debug",
            "subcategory": "system"
        },
        {
            "value": {
                "boot": {
                    "resource_versions": {},
                    "package_version": "3.6.21.2",
                    "config_version": "v0",
                    "time_taken": 918
                }
            },
            "os": "ANDROID",
            "level": "info",
            "subcategory": "hypersdk"
        },
        {
            "value": {
                "readFromInternalStorage": "Returning the file content without decryption for manifest_godel_2.2.1.json"
            },
            "os": "ANDROID",
            "level": "debug",
            "subcategory": "system"
        },
        {
            "value": {
                "readFromInternalStorage": "Returning the file content without decryption for sdk_config_godel_2.2.1.json"
            },
            "os": "ANDROID",
            "level": "debug",
            "subcategory": "system"
        },
        {
            "value": {
                "message": "Received event from web view."
            },
            "os": "ANDROID",
            "level": "info",
            "subcategory": "hypersdk"
        },
        {
            "value": {
                "readFromInternalStorage": "Returning the file content without decryption for config_godel_2.2.1.json"
            },
            "os": "ANDROID",
            "level": "debug",
            "subcategory": "system"
        },
        {
            "value": {
                "event": "onPause"
            },
            "os": "ANDROID",
            "level": "debug",
            "subcategory": "system"
        },
        {
            "value": {
                "isInitialised()": {
                    "sdkState": "INITIATE_COMPLETED",
                    "isInitialised": true
                }
            },
            "os": "ANDROID",
            "level": "info",
            "subcategory": "hypersdk"
        },
        {
            "value": {
                "event": "onStop"
            },
            "os": "ANDROID",
            "level": "debug",
            "subcategory": "system"
        },
        {
            "value": {
                "event": "OnSavedStateInstance"
            },
            "os": "ANDROID",
            "level": "debug",
            "subcategory": "system"
        },
        {
            "value": {
                "event": "onResume"
            },
            "os": "ANDROID",
            "level": "debug",
            "subcategory": "system"
        },
        {
            "value": {
                "event": "onPause"
            },
            "os": "ANDROID",
            "level": "debug",
            "subcategory": "system"
        },
        {
            "value": {
                "event": "onResume"
            },
            "os": "ANDROID",
            "level": "debug",
            "subcategory": "system"
        },
        {
            "value": {
                "isInitialised()": {
                    "sdkState": "INITIATE_COMPLETED",
                    "isInitialised": true
                }
            },
            "level": "info",
            "subcategory": "hypersdk"
        },
        {
            "value": {
                "called_and_started": {
                    "requestId": "78a20cb5-4b19-4282-ac56-42562e60db7d",
                    "service": "in.juspay.hyperapi",
                    "payload": {
                        "currentActivityId": "50f21767-010e-48e8-ad19-4d229029f673",
                        "upiRequestId": "YJP2d2e1320daf448cdbea4b812e0dd6036",
                        "signaturePayload": "[REDACTED]",
                        "processStartedTime": 1753121528909,
                        "merchant_root_view": "16908290",
                        "action": "upiCheckBalance",
                        "accountReferenceId": "[REDACTED]",
                        "protected": "[REDACTED]",
                        "signature": "[REDACTED]",
                        "merchant_keyboard_mode": 16
                    }
                }
            },
            "level": "info",
            "subcategory": "hypersdk"
        },
        {
            "value": {
                "started": {
                    "requestId": "78a20cb5-4b19-4282-ac56-42562e60db7d",
                    "service": "in.juspay.hyperapi",
                    "payload": {
                        "currentActivityId": "50f21767-010e-48e8-ad19-4d229029f673",
                        "upiRequestId": "YJP2d2e1320daf448cdbea4b812e0dd6036",
                        "signaturePayload": "[REDACTED]",
                        "processStartedTime": 1753121528909,
                        "merchant_root_view": "16908290",
                        "action": "upiCheckBalance",
                        "accountReferenceId": "[REDACTED]",
                        "protected": "[REDACTED]",
                        "signature": "[REDACTED]",
                        "merchant_keyboard_mode": 16
                    }
                }
            },
            "level": "info",
            "subcategory": "hypersdk"
        },
        {
            "value": {
                "main_thread_handover": 14
            },
            "level": "debug",
            "subcategory": "hypersdk"
        },
        {
            "value": {
                "started": {
                    "requestId": "78a20cb5-4b19-4282-ac56-42562e60db7d",
                    "service": "in.juspay.hyperapi",
                    "payload": {
                        "currentActivityId": "50f21767-010e-48e8-ad19-4d229029f673",
                        "upiRequestId": "YJP2d2e1320daf448cdbea4b812e0dd6036",
                        "signaturePayload": "[REDACTED]",
                        "processStartedTime": 1753121528909,
                        "merchant_root_view": "16908290",
                        "action": "upiCheckBalance",
                        "accountReferenceId": "[REDACTED]",
                        "protected": "[REDACTED]",
                        "signature": "[REDACTED]",
                        "merchant_keyboard_mode": 16
                    }
                }
            },
            "os": "android",
            "level": "info",
            "subcategory": "system"
        },
        {
            "value": {
                "client_id": "merchantX"
            },
            "os": "android",
            "level": "info",
            "subcategory": "payment"
        },
        {
            "value": {
                "started": {
                    "requestId": "78a20cb5-4b19-4282-ac56-42562e60db7d",
                    "service": "in.juspay.ec",
                    "payload": {
                        "currentActivityId": "50f21767-010e-48e8-ad19-4d229029f673",
                        "upiRequestId": "YJP2d2e1320daf448cdbea4b812e0dd6036",
                        "signaturePayload": "[REDACTED]",
                        "processStartedTime": 1753121528909,
                        "merchant_root_view": "16908290",
                        "lifecycleId": "sdk:[REDACTED]/os:10ee974c-6361-49d9-91ff-b429791d5b9c",
                        "action": "upiCheckBalance",
                        "accountReferenceId": "[REDACTED]",
                        "protected": "[REDACTED]",
                        "signature": "[REDACTED]",
                        "merchant_keyboard_mode": 16
                    }
                }
            },
            "os": "android",
            "level": "info",
            "subcategory": "microapp"
        },
        {
            "value": {
                "order_id": "",
                "client_id": "merchantX",
                "merchant_id": ""
            },
            "os": "android",
            "level": "info",
            "subcategory": "device"
        },
        {
            "value": {
                "SERVICE_INITIATED": "true"
            },
            "level": "debug",
            "subcategory": "system"
        },
        {
            "value": {
                "NPCI_CL": "OPENED"
            },
            "level": "debug",
            "subcategory": "system"
        },
        {
            "value": {
                "started": {
                    "requestId": "78a20cb5-4b19-4282-ac56-42562e60db7d",
                    "service": "in.juspay.inappupi",
                    "payload": "{\"service\":\"in.juspay.inappupi\",\"requestId\":\"78a20cb5-4b19-4282-ac56-42562e60db7d\",\"payload\":{\"upiRequestId\":\"YJP2d2e1320daf448cdbea4b812e0dd6036\",\"action\":\"upiCheckBalance\",\"accountReferenceId\":\"[REDACTED]\",\"signature\":\"signatureValue\",\"signaturePayload\":\"signaturePayloadValue\",\"protected\":\"protectedKey\",\"merchant_root_view\":\"16908290\",\"merchant_keyboard_mode\":16,\"processStartedTime\":1753121528909,\"currentActivityId\":\"50f21767-010e-48e8-ad19-4d229029f673\",\"lifecycleId\":\"sdk:[REDACTED]/os:858e4583-b387-4bdc-8714-af280b8bcbe3\"},\"lifecycleId\":\"sdk:[REDACTED]/os:858e4583-b387-4bdc-8714-af280b8bcbe3\"}"
                }
            },
            "os": "android",
            "level": "info",
            "subcategory": "microapp"
        },
        {
            "value": {
                "started": {
                    "requestId": "78a20cb5-4b19-4282-ac56-42562e60db7d",
                    "service": "in.juspay.inappupi",
                    "payload": {
                        "upiRequestId": "YJP2d2e1320daf448cdbea4b812e0dd6036",
                        "action": "upiCheckBalance",
                        "accountReferenceId": "[REDACTED]",
                        "udfParameters": null
                    },
                    "lifeCycleId": null
                }
            },
            "os": "android",
            "level": "info",
            "subcategory": "microapp"
        },
        {
            "value": {
                "title": "NPCI-UPI-TOKEN",
                "value": {
                    "isKeyFound": true,
                    "retryCount": 1,
                    "action": "GET"
                }
            },
            "os": "android",
            "level": "info",
            "subcategory": "system"
        },
        {
            "value": {
                "title": "NPCI-UPI-TOKEN-DATE",
                "value": {
                    "isKeyFound": true,
                    "retryCount": 1,
                    "action": "GET"
                }
            },
            "os": "android",
            "level": "info",
            "subcategory": "system"
        },
        {
            "value": {
                "title": "NPCI-UPI-TOKEN-MOBILE",
                "value": {
                    "isKeyFound": true,
                    "retryCount": 1,
                    "action": "GET"
                }
            },
            "os": "android",
            "level": "info",
            "subcategory": "system"
        },
        {
            "value": {
                "title": "CL_VERSION",
                "value": "1.8"
            },
            "os": "android",
            "level": "info",
            "subcategory": "system"
        },
        {
            "value": {
                "status": "OPENED"
            },
            "os": "android",
            "level": "info",
            "subcategory": "system"
        },
        {
            "value": {
                "title": "CL_STATUS_INFO",
                "value": "{\"cl_status\":\"opened\"}"
            },
            "os": "android",
            "level": "info",
            "subcategory": "system"
        },
        {
            "value": {
                "salt": "[REDACTED]",
                "payInfoArray": "[{\"value\":\"Punjab National Bank\",\"name\":\"Bank\"},{\"value\":\"Please enter 6 digit upi pin\",\"name\":\"Note\"},{\"value\":\"XXXXXX8557\",\"name\":\"account\"}]",
                "trustCred": "[REDACTED]",
                "configuration": "{\"verifiedMerchant\":\"false\",\"resendIssuerOTPFeature\":\"false\",\"resendAadhaarOTPFeature\":\"false\",\"payerBankName\":\"Punjab National Bank\",\"issuerResendOTPLimit\":\"2\",\"isAuthOffline\":\"false\",\"imageUrl\":\"https://www.someurl.com/bankimage.jpg\",\"getDeviceDetails\":\"false\",\"forgotUpiPINEnabled\":\"false\",\"enableUserAuth\":\"false\",\"color\":\"#123123\",\"captureCardDetails\":\"false\",\"backgroundColor\":\"#123123\",\"aadhaarResendOTPLimit\":\"1\"}",
                "credAllowed": "{\"CredAllowed\":[{\"type\":\"PIN\",\"subtype\":\"MPIN\",\"dType\":\"NUM\",\"dLength\":\"6\"}]}",
                "languagePref": "en_Us",
                "keyCode": "NPCI",
                "listKeyPayload": "[REDACTED]",
                "npciToken": "[REDACTED]"
            },
            "os": "android",
            "level": "info",
            "subcategory": "system"
        },
        {
            "value": {
                "event": "onPause"
            },
            "os": "ANDROID",
            "level": "debug",
            "subcategory": "system"
        },
        {
            "value": {
                "event": "onStop"
            },
            "os": "ANDROID",
            "level": "debug",
            "subcategory": "system"
        },
        {
            "value": {
                "event": "OnSavedStateInstance"
            },
            "os": "ANDROID",
            "level": "debug",
            "subcategory": "system"
        },
        {
            "value": {
                "GET_CREDENTIALS_RESP": "[REDACTED]"
            },
            "os": "ANDROID",
            "level": "debug",
            "subcategory": "system"
        },
        {
            "value": {
                "event": "onResume"
            },
            "os": "ANDROID",
            "level": "debug",
            "subcategory": "system"
        },
        {
            "value": {
                "method": "POST",
                "url": "https://endpoint/accounts/[REDACTED]/balance",
                "options": "{}",
                "payload": "{\"upiRequestId\":\"YJP2d2e1320daf448cdbea4b812e0dd6036\",\"udfParameters\":\"{}\",\"merchantId\":\"merchantX\",\"merchantCustomerId\":\"[REDACTED]\",\"merchantChannelId\":\"merchantXAPP\",\"credBlock\":\"{\\\"mpincred\\\":{\\\"type\\\":\\\"PIN\\\",\\\"subType\\\":\\\"MPIN\\\",\\\"data\\\":{\\\"ki\\\":\\\"20150822\\\",\\\"encryptedBase64String\\\":\\\"2.3-v1.8|XdFnRlWe1fkUm/amBNKKTmEzKAF4xe2ewofKC8Wz2EHX9EovR7Q71kYD3+wdnnBgbDG810AWDp3YY/Cn1h+FGHnCLzLje6wSqQi6BP4esujB+vOZRIv3hot8kcaWW2zYrpfzcqAGxdRymQklE4YBzSfWj+pcv71iGRCbiI3YB1NP0XDtaY8Oe1SAeg+NHhByMKod23hUrgWsxRxgvnTq885SbZh0hQbsX/nMKKnH69K53gdypoZCJp6BK6apo0RAVPBbmU7GShzk7pGMAUv3kfzKdTTl6uOTltyBVMbClhY2LB4XcDLwlhYuH6sGo2SE2loZyHjFuz0J9TxTMpXIKQ==\\\",\\\"code\\\":\\\"NPCI\\\"}}}\",\"checksum\":\"b3ac2dfe67a729c7dc987a085e64369c8b90916024547f8cb819cee5710684eb\",\"accountReferenceId\":\"[REDACTED]\"}",
                "start_time": 1753121533003
            },
            "os": "ANDROID",
            "level": "info",
            "subcategory": "network"
        },
        {
            "value": {
                "method": "POST",
                "url": "https://endpoint/accounts/[REDACTED]/balance",
                "payload": null,
                "api_tag": "tag6",
                "start_time": 1753121533006
            },
            "os": "ANDROID",
            "level": "info",
            "subcategory": "network"
        },
        {
            "value": {
                "response": "{\"merchantPayload\":{\"maskedAccountNumber\":\"XXXXXX8557\",\"accountReferenceId\":\"[REDACTED]\",\"gatewayResponseMessage\":\"Your transaction is successful\",\"balance\":\"289.80\",\"gatewayResponseCode\":\"00\",\"customerMobileNumber\":\"[REDACTED]\",\"bankCode\":\"[REDACTED]\",\"bankAccountUniqueId\":\"[REDACTED]\"},\"status\":\"SUCCESS\",\"responseMessage\":\"SUCCESS\",\"merchantPayloadSignature\":\"3037ec7486860b493548ad8fca000d8bcf67ba36d4a0323ebcfde0af1a8c2fcd049a66b03a6f15c84177492b0525e15e56506269372f26994f9281e5f25e5585f6a78441dc81e086cce15c6bfb32c45700eb037b1df8b82b535b567bbc3ee1bfef08ce82e3e0ca2d1e47f48debe8938d22e263d80e233cb0da7de63d38301fe1a27445ba8e10efa66d2365c4e37370940cddff4b8076217e431aff63245948f07ed9ff792b01597fd45ed97321a63a256f10dd555682613e8a73edf08bd932778b54212d897b9db7aa646111add535879c7b86e2ac305f9da71fa20d97ff3f46f077435aad37dd14f59f02fa007f5b13467bf9277736bdc6e055f498824ca54c\",\"responseCode\":\"SUCCESS\",\"sdkChecksum\":\"ab5f2af39e28298fe8c3a6371c8ab62faaff2fdf1a14ce56c4fc23c83cfd6c5c\",\"sdkPayload\":{},\"udfParameters\":\"{}\"}",
                "method": "POST",
                "url": "https://endpoint/accounts/[REDACTED]/balance",
                "status_code": 200,
                "payload": "{\"upiRequestId\":\"YJP2d2e1320daf448cdbea4b812e0dd6036\",\"udfParameters\":\"{}\",\"merchantId\":\"merchantX\",\"merchantCustomerId\":\"[REDACTED]\",\"merchantChannelId\":\"merchantXAPP\",\"credBlock\":\"{\\\"mpincred\\\":{\\\"type\\\":\\\"PIN\\\",\\\"subType\\\":\\\"MPIN\\\",\\\"data\\\":{\\\"ki\\\":\\\"20150822\\\",\\\"encryptedBase64String\\\":\\\"2.3-v1.8|XdFnRlWe1fkUm/amBNKKTmEzKAF4xe2ewofKC8Wz2EHX9EovR7Q71kYD3+wdnnBgbDG810AWDp3YY/Cn1h+FGHnCLzLje6wSqQi6BP4esujB+vOZRIv3hot8kcaWW2zYrpfzcqAGxdRymQklE4YBzSfWj+pcv71iGRCbiI3YB1NP0XDtaY8Oe1SAeg+NHhByMKod23hUrgWsxRxgvnTq885SbZh0hQbsX/nMKKnH69K53gdypoZCJp6BK6apo0RAVPBbmU7GShzk7pGMAUv3kfzKdTTl6uOTltyBVMbClhY2LB4XcDLwlhYuH6sGo2SE2loZyHjFuz0J9TxTMpXIKQ==\\\",\\\"code\\\":\\\"NPCI\\\"}}}\",\"checksum\":\"b3ac2dfe67a729c7dc987a085e64369c8b90916024547f8cb819cee5710684eb\",\"accountReferenceId\":\"[REDACTED]\"}",
                "api_tag": "tag6",
                "end_time": 1753121534445,
                "start_time": 1753121533006
            },
            "os": "ANDROID",
            "level": "info",
            "subcategory": "network"
        },
        {
            "value": {
                "payload": {
                    "payload": {
                        "requestID": "78a20cb5-4b19-4282-ac56-42562e60db7d"
                    },
                    "event": "hide_loader"
                }
            },
            "os": "ANDROID",
            "level": "info",
            "subcategory": "hypersdk"
        },
        {
            "value": {
                "ended": {
                    "errorMessage": "",
                    "requestId": "78a20cb5-4b19-4282-ac56-42562e60db7d",
                    "service": "in.juspay.ec",
                    "payload": {
                        "customerMobileNumber": "[REDACTED]",
                        "bankAccountUniqueId": "[REDACTED]",
                        "bankCode": "[REDACTED]",
                        "status": "SUCCESS",
                        "gatewayResponseCode": "00",
                        "balance": "289.80",
                        "action": "upiCheckBalance",
                        "accountReferenceId": "[REDACTED]",
                        "maskedAccountNumber": "XXXXXX8557",
                        "udfParameters": "{}",
                        "gatewayResponseMessage": "Your transaction is successful"
                    },
                    "errorCode": "",
                    "error": false
                }
            },
            "os": "ANDROID",
            "level": "info",
            "subcategory": "microapp"
        },
        {
            "value": {
                "loader": "hide",
                "disableLoader": false,
                "forceLoader": false,
                "merchantLoader": true
            },
            "os": "ANDROID",
            "level": "info",
            "subcategory": "system"
        },
        {
            "value": {
                "ended": {
                    "errorMessage": "",
                    "requestId": "78a20cb5-4b19-4282-ac56-42562e60db7d",
                    "service": "in.juspay.hyperapi",
                    "payload": {
                        "customerMobileNumber": "[REDACTED]",
                        "bankAccountUniqueId": "[REDACTED]",
                        "bankCode": "[REDACTED]",
                        "status": "SUCCESS",
                        "gatewayResponseCode": "00",
                        "balance": "289.80",
                        "action": "upiCheckBalance",
                        "accountReferenceId": "[REDACTED]",
                        "maskedAccountNumber": "XXXXXX8557",
                        "udfParameters": "{}",
                        "gatewayResponseMessage": "Your transaction is successful"
                    },
                    "errorCode": "",
                    "event": "process_result",
                    "error": false
                }
            },
            "os": "ANDROID",
            "level": "info",
            "subcategory": "hypersdk"
        },
        {
            "value": {
                "data": {
                    "os_eval_scope": 281,
                    "os_main": 364,
                    "in.juspay.hyperupi": {
                        "ready": 1693,
                        "gettingblockmjos": 1,
                        "attaching": 2,
                        "checkandloadfiles": 2,
                        "createhooks": 0
                    },
                    "mjos_download": 23,
                    "onmerchantevent": 34345,
                    "in.juspay.hyperapi": {
                        "ready": 143,
                        "gettingblockmjos": 4,
                        "attaching": 4,
                        "checkandloadfiles": 6,
                        "createhooks": 3
                    },
                    "os_loadjosconfig": 5,
                    "postconfig": 272,
                    "in.juspay.inappupi": {
                        "ready": 1943,
                        "gettingblockmjos": 0,
                        "attaching": 2348,
                        "checkandloadfiles": 2,
                        "createhooks": 0
                    },
                    "in.juspay.ec": {
                        "ready": 591,
                        "gettingblockmjos": 0,
                        "attaching": 9,
                        "checkandloadfiles": 5,
                        "createhooks": 0
                    },
                    "waitfordevicename": 0
                }
            },
            "os": "ANDROID",
            "level": "debug",
            "subcategory": "system"
        },
        {
            "value": {
                "status": "CLOSED"
            },
            "os": "ANDROID",
            "level": "info",
            "subcategory": "system"
        },
        {
            "value": {
                "title": "CL_STATUS_INFO",
                "value": "{\"mpinSubmitted\":true,\"latency\":3922.199999999255,\"cl_status\":\"closed\"}"
            },
            "os": "ANDROID",
            "level": "info",
            "subcategory": "system"
        },
        {
            "value": {
                "title": "GET_CREDS_DIFF",
                "value": {
                    "diffInMs": 0
                }
            },
            "os": "ANDROID",
            "level": "info",
            "subcategory": "system"
        },
        {
            "value": {
                "title": "CACHE_VALIDITY",
                "value": "{ expiryType: \"HARD_EXPIRED\", key: \"SESSION_PARAMS_\", validFor: -1.0 }"
            },
            "os": "ANDROID",
            "level": "info",
            "subcategory": "system"
        },
        {
            "value": {
                "title": "AUTH_STATUS",
                "value": {
                    "key": "SESSION_PARAMS_",
                    "expiryType": "HARD_EXPIRED",
                    "cachedAtTs": 0
                }
            },
            "os": "ANDROID",
            "level": "info",
            "subcategory": "system"
        },
        {
            "value": {
                "title": "CACHE_VALIDITY",
                "value": "{ expiryType: \"VALID\", key: \"AUTH_PD\", validFor: 1755390.0 }"
            },
            "os": "ANDROID",
            "level": "info",
            "subcategory": "system"
        },
        {
            "value": {
                "title": "AUTH_STATUS",
                "value": {
                    "key": "AUTH_PD",
                    "expiryType": "VALID",
                    "cachedAtTs": 1753121488353
                }
            },
            "os": "ANDROID",
            "level": "info",
            "subcategory": "system"
        },
        {
            "value": {
                "title": "CACHE_VALIDITY",
                "value": "{ expiryType: \"VALID\", key: \"PSP_SESSION_TKN\", validFor: 561425.0 }"
            },
            "os": "ANDROID",
            "level": "info",
            "subcategory": "system"
        },
        {
            "value": {
                "title": "AUTH_STATUS",
                "value": {
                    "key": "PSP_SESSION_TKN",
                    "expiryType": "VALID",
                    "cachedAtTs": 1753121494400
                }
            },
            "os": "ANDROID",
            "level": "info",
            "subcategory": "system"
        },
        {
            "value": {
                "latency": "1459.0",
                "url": "https://endpoint/accounts/[REDACTED]/balance"
            },
            "os": "ANDROID",
            "level": "info",
            "subcategory": "system"
        },
        {
            "value": {
                "ended": {
                    "errorMessage": "",
                    "requestId": "78a20cb5-4b19-4282-ac56-42562e60db7d",
                    "service": "in.juspay.inappupi",
                    "payload": {
                        "customerMobileNumber": "[REDACTED]",
                        "bankAccountUniqueId": "[REDACTED]",
                        "bankCode": "[REDACTED]",
                        "status": "SUCCESS",
                        "gatewayResponseCode": "00",
                        "balance": "289.80",
                        "action": "upiCheckBalance",
                        "accountReferenceId": "[REDACTED]",
                        "maskedAccountNumber": "XXXXXX8557",
                        "udfParameters": "{}",
                        "gatewayResponseMessage": "Your transaction is successful"
                    },
                    "errorCode": "",
                    "event": "process_result",
                    "error": false
                }
            },
            "os": "ANDROID",
            "level": "info",
            "subcategory": "microapp"
        },
        {
            "value": {
                "Latency": {
                    "latency": 5517,
                    "latency_sub_ms": 5517.800000000745,
                    "action": "upiCheckBalance",
                    "end_time": 1753121534457,
                    "start_time": 1753121528940
                }
            },
            "os": "ANDROID",
            "level": "info",
            "subcategory": "system"
        },
        {
            "value": {
                "ended": {
                    "errorMessage": "",
                    "requestId": "78a20cb5-4b19-4282-ac56-42562e60db7d",
                    "service": "in.juspay.inappupi",
                    "payload": "{\"udfParameters\":\"{}\",\"status\":\"SUCCESS\",\"maskedAccountNumber\":\"XXXXXX8557\",\"gatewayResponseMessage\":\"Your transaction is successful\",\"gatewayResponseCode\":\"00\",\"customerMobileNumber\":\"[REDACTED]\",\"bankCode\":\"[REDACTED]\",\"bankAccountUniqueId\":\"[REDACTED]\",\"balance\":\"289.80\",\"action\":\"upiCheckBalance\",\"accountReferenceId\":\"[REDACTED]\"}",
                    "errorCode": "",
                    "error": false
                }
            },
            "os": "ANDROID",
            "level": "info",
            "subcategory": "microapp"
        },
        {
            "value": {
                "event": "onPause"
            },
            "level": "debug",
            "subcategory": "system"
        },
        {
            "value": {
                "event": "onResume"
            },
            "level": "debug",
            "subcategory": "system"
        },
        {
            "value": {
                "event": "onPause"
            },
            "os": "ANDROID",
            "level": "debug",
            "subcategory": "system"
        },
        {
            "value": {
                "event": "onStop"
            },
            "os": "ANDROID",
            "level": "debug",
            "subcategory": "system"
        },
        {
            "value": {
                "event": "OnSavedStateInstance"
            },
            "os": "ANDROID",
            "level": "debug",
            "subcategory": "system"
        },
        {
            "value": {
                "event": "onResume"
            },
            "level": "debug",
            "subcategory": "system"
        },
        {
            "value": {
                "event": "onPause"
            },
            "level": "debug",
            "subcategory": "system"
        },
        {
            "value": {
                "event": "onResume"
            },
            "level": "debug",
            "subcategory": "system"
        },
        {
            "value": {
                "event": "onPause"
            },
            "os": "ANDROID",
            "level": "debug",
            "subcategory": "system"
        },
        {
            "value": {
                "event": "onResume"
            },
            "os": "ANDROID",
            "level": "debug",
            "subcategory": "system"
        },
        {
            "value": {
                "isInitialised()": {
                    "sdkState": "INITIATE_COMPLETED",
                    "isInitialised": true
                }
            },
            "os": "ANDROID",
            "level": "info",
            "subcategory": "hypersdk"
        },
        {
            "value": {
                "called_and_started": {
                    "requestId": "a4a18b1b-1a92-4070-82f4-7852354219ec",
                    "service": "in.juspay.hyperapi",
                    "payload": {
                        "signaturePayload": "[REDACTED]",
                        "action": "upiValidVpa",
                        "protected": "[REDACTED]",
                        "signature": "[REDACTED]",
                        "customerVpa": "000@000"
                    }
                }
            },
            "os": "ANDROID",
            "level": "info",
            "subcategory": "hypersdk"
        },
        {
            "value": {
                "started": {
                    "requestId": "a4a18b1b-1a92-4070-82f4-7852354219ec",
                    "service": "in.juspay.hyperapi",
                    "payload": {
                        "signaturePayload": "[REDACTED]",
                        "merchant_root_view": "16908290",
                        "action": "upiValidVpa",
                        "protected": "[REDACTED]",
                        "signature": "[REDACTED]",
                        "customerVpa": "000@000"
                    }
                }
            },
            "os": "ANDROID",
            "level": "info",
            "subcategory": "hypersdk"
        },
        {
            "value": {
                "method": "POST",
                "url": "https://endpoint/vpas/validity",
                "options": "{}",
                "payload": "{\"udfParameters\":\"{}\",\"merchantId\":\"merchantX\",\"merchantCustomerId\":\"[REDACTED]\",\"merchantChannelId\":\"merchantXAPP\",\"customerVpa\":\"000@000\",\"checksum\":\"44fc51a70322f97446d75fce956bd1a422b3e8b21e02c95fb64b20f3555d20f5\"}",
                "start_time": 1753121594704
            },
            "os": "ANDROID",
            "level": "info",
            "subcategory": "network"
        },
        {
            "value": {
                "method": "POST",
                "url": "https://endpoint/vpas/validity",
                "payload": null,
                "api_tag": "tag7",
                "start_time": 1753121594705
            },
            "os": "ANDROID",
            "level": "info",
            "subcategory": "network"
        },
        {
            "value": {
                "started": {
                    "requestId": "a4a18b1b-1a92-4070-82f4-7852354219ec",
                    "service": "in.juspay.hyperapi",
                    "payload": {
                        "currentActivityId": "50f21767-010e-48e8-ad19-4d229029f673",
                        "signaturePayload": "[REDACTED]",
                        "processStartedTime": 1753121594495,
                        "merchant_root_view": "16908290",
                        "action": "upiValidVpa",
                        "protected": "[REDACTED]",
                        "signature": "[REDACTED]",
                        "customerVpa": "000@000",
                        "merchant_keyboard_mode": 16
                    }
                }
            },
            "os": "ANDROID",
            "level": "info",
            "subcategory": "system"
        },
        {
            "value": {
                "started": {
                    "requestId": "a4a18b1b-1a92-4070-82f4-7852354219ec",
                    "service": "in.juspay.ec",
                    "payload": {
                        "currentActivityId": "50f21767-010e-48e8-ad19-4d229029f673",
                        "signaturePayload": "[REDACTED]",
                        "processStartedTime": 1753121594495,
                        "merchant_root_view": "16908290",
                        "lifecycleId": "sdk:[REDACTED]/os:145d4ac5-f4bd-4c1e-9052-cba36b40831f",
                        "action": "upiValidVpa",
                        "protected": "[REDACTED]",
                        "signature": "[REDACTED]",
                        "customerVpa": "000@000",
                        "merchant_keyboard_mode": 16
                    }
                }
            },
            "os": "ANDROID",
            "level": "info",
            "subcategory": "microapp"
        },
        {
            "value": {
                "response": "{\"status\":\"SUCCESS\",\"responseMessage\":\"SUCCESS\",\"responseCode\":\"SUCCESS\",\"payload\":{\"merchantChannelId\":\"merchantXAPP\",\"merchantId\":\"merchantX\",\"isMerchant\":false,\"customerName\":\"\",\"isMerchantVerified\":false,\"isCustomerVpaValid\":false,\"featureTags\":[],\"customerVpa\":\"000@000\"},\"sdkChecksum\":\"648d42617bf3c97e6af438628297adfe67cc71733b56b752d1e3dd064c2718d4\",\"udfParameters\":\"{}\"}",
                "method": "POST",
                "url": "https://endpoint/vpas/validity",
                "status_code": 200,
                "payload": "{\"udfParameters\":\"{}\",\"merchantId\":\"merchantX\",\"merchantCustomerId\":\"[REDACTED]\",\"merchantChannelId\":\"merchantXAPP\",\"customerVpa\":\"000@000\",\"checksum\":\"44fc51a70322f97446d75fce956bd1a422b3e8b21e02c95fb64b20f3555d20f5\"}",
                "api_tag": "tag7",
                "end_time": 1753121595170,
                "start_time": 1753121594705
            },
            "os": "ANDROID",
            "level": "info",
            "subcategory": "network"
        },
        {
            "value": {
                "payload": {
                    "payload": {
                        "requestID": "a4a18b1b-1a92-4070-82f4-7852354219ec"
                    },
                    "event": "hide_loader"
                }
            },
            "os": "ANDROID",
            "level": "info",
            "subcategory": "hypersdk"
        },
        {
            "value": {
                "ended": {
                    "errorMessage": "",
                    "requestId": "a4a18b1b-1a92-4070-82f4-7852354219ec",
                    "service": "in.juspay.hyperapi",
                    "payload": {
                        "merchantId": "merchantX",
                        "isMerchantVerified": false,
                        "status": "SUCCESS",
                        "customerName": "",
                        "isCustomerVpaValid": false,
                        "responseMessage": "SUCCESS",
                        "merchantChannelId": "merchantXAPP",
                        "isMerchant": false,
                        "action": "upiValidVpa",
                        "udfParameters": "{}",
                        "responseCode": "SUCCESS",
                        "customerVpa": "000@000"
                    },
                    "errorCode": "",
                    "event": "process_result",
                    "error": false
                }
            },
            "os": "ANDROID",
            "level": "info",
            "subcategory": "hypersdk"
        },
        {
            "value": {
                "ended": {
                    "errorMessage": "",
                    "requestId": "a4a18b1b-1a92-4070-82f4-7852354219ec",
                    "service": "in.juspay.ec",
                    "payload": {
                        "merchantId": "merchantX",
                        "isMerchantVerified": false,
                        "status": "SUCCESS",
                        "customerName": "",
                        "isCustomerVpaValid": false,
                        "responseMessage": "SUCCESS",
                        "merchantChannelId": "merchantXAPP",
                        "isMerchant": false,
                        "action": "upiValidVpa",
                        "udfParameters": "{}",
                        "responseCode": "SUCCESS",
                        "customerVpa": "000@000"
                    },
                    "errorCode": "",
                    "error": false
                }
            },
            "os": "ANDROID",
            "level": "info",
            "subcategory": "microapp"
        },
        {
            "value": {
                "loader": "hide",
                "disableLoader": false,
                "forceLoader": false,
                "merchantLoader": true
            },
            "os": "ANDROID",
            "level": "info",
            "subcategory": "system"
        },
        {
            "value": {
                "data": {
                    "os_eval_scope": 281,
                    "os_main": 364,
                    "in.juspay.hyperupi": {
                        "ready": 1693,
                        "gettingblockmjos": 1,
                        "attaching": 2,
                        "checkandloadfiles": 2,
                        "createhooks": 0
                    },
                    "mjos_download": 23,
                    "onmerchantevent": 65670,
                    "in.juspay.hyperapi": {
                        "ready": 143,
                        "gettingblockmjos": 4,
                        "attaching": 4,
                        "checkandloadfiles": 6,
                        "createhooks": 3
                    },
                    "os_loadjosconfig": 5,
                    "postconfig": 272,
                    "in.juspay.inappupi": {
                        "ready": 1943,
                        "gettingblockmjos": 0,
                        "attaching": 2348,
                        "checkandloadfiles": 2,
                        "createhooks": 0
                    },
                    "in.juspay.ec": {
                        "ready": 591,
                        "gettingblockmjos": 0,
                        "attaching": 9,
                        "checkandloadfiles": 5,
                        "createhooks": 0
                    },
                    "waitfordevicename": 0
                }
            },
            "os": "ANDROID",
            "level": "debug",
            "subcategory": "system"
        },
        {
            "value": {
                "isInitialised()": {
                    "sdkState": "INITIATE_COMPLETED",
                    "isInitialised": true
                }
            },
            "os": "ANDROID",
            "level": "info",
            "subcategory": "hypersdk"
        },
        {
            "value": {
                "called_and_started": {
                    "requestId": "fe701dd9-57ab-480a-9ca9-9bd26ad090b5",
                    "service": "in.juspay.hyperapi",
                    "payload": {
                        "currentActivityId": "50f21767-010e-48e8-ad19-4d229029f673",
                        "signaturePayload": "[REDACTED]",
                        "processStartedTime": 1753121612271,
                        "merchant_root_view": "16908290",
                        "action": "upiValidVpa",
                        "protected": "[REDACTED]",
                        "signature": "[REDACTED]",
                        "customerVpa": "000@000",
                        "merchant_keyboard_mode": 16
                    }
                }
            },
            "os": "ANDROID",
            "level": "info",
            "subcategory": "hypersdk"
        },
        {
            "value": {
                "started": {
                    "requestId": "fe701dd9-57ab-480a-9ca9-9bd26ad090b5",
                    "service": "in.juspay.hyperapi",
                    "payload": {
                        "currentActivityId": "50f21767-010e-48e8-ad19-4d229029f673",
                        "signaturePayload": "[REDACTED]",
                        "processStartedTime": 1753121612271,
                        "merchant_root_view": "16908290",
                        "action": "upiValidVpa",
                        "protected": "[REDACTED]",
                        "signature": "[REDACTED]",
                        "customerVpa": "000@000",
                        "merchant_keyboard_mode": 16
                    }
                }
            },
            "os": "ANDROID",
            "level": "info",
            "subcategory": "hypersdk"
        },
        {
            "value": {
                "method": "POST",
                "url": "https://endpoint/vpas/validity",
                "options": "{}",
                "payload": "{\"udfParameters\":\"{}\",\"merchantId\":\"merchantX\",\"merchantCustomerId\":\"[REDACTED]\",\"merchantChannelId\":\"merchantXAPP\",\"customerVpa\":\"000@000\",\"checksum\":\"44fc51a70322f97446d75fce956bd1a422b3e8b21e02c95fb64b20f3555d20f5\"}",
                "start_time": 1753121612487
            },
            "os": "ANDROID",
            "level": "info",
            "subcategory": "network"
        },
        {
            "value": {
                "method": "POST",
                "url": "https://endpoint/vpas/validity",
                "payload": null,
                "api_tag": "tag8",
                "start_time": 1753121612488
            },
            "os": "ANDROID",
            "level": "info",
            "subcategory": "network"
        },
        {
            "value": {
                "started": {
                    "requestId": "fe701dd9-57ab-480a-9ca9-9bd26ad090b5",
                    "service": "in.juspay.hyperapi",
                    "payload": {
                        "currentActivityId": "50f21767-010e-48e8-ad19-4d229029f673",
                        "signaturePayload": "[REDACTED]",
                        "processStartedTime": 1753121612271,
                        "merchant_root_view": "16908290",
                        "action": "upiValidVpa",
                        "protected": "[REDACTED]",
                        "signature": "[REDACTED]",
                        "customerVpa": "000@000",
                        "merchant_keyboard_mode": 16
                    }
                }
            },
            "os": "ANDROID",
            "level": "info",
            "subcategory": "system"
        },
        {
            "value": {
                "started": {
                    "requestId": "a4a18b1b-1a92-4070-82f4-7852354219ec",
                    "service": "in.juspay.inappupi",
                    "payload": "{\"service\":\"in.juspay.inappupi\",\"requestId\":\"a4a18b1b-1a92-4070-82f4-7852354219ec\",\"payload\":{\"customerVpa\":\"000@000\",\"action\":\"upiValidVpa\",\"signature\":\"signatureValue\",\"signaturePayload\":\"signaturePayloadValue\",\"protected\":\"protectedKey\",\"merchant_root_view\":\"16908290\",\"merchant_keyboard_mode\":16,\"processStartedTime\":1753121594495,\"currentActivityId\":\"50f21767-010e-48e8-ad19-4d229029f673\",\"lifecycleId\":\"sdk:[REDACTED]/os:e00c3e3a-072e-4c50-8f40-28bedef95e96\"},\"lifecycleId\":\"sdk:[REDACTED]/os:e00c3e3a-072e-4c50-8f40-28bedef95e96\"}"
                }
            },
            "os": "ANDROID",
            "level": "info",
            "subcategory": "microapp"
        },
        {
            "value": {
                "started": {
                    "requestId": "a4a18b1b-1a92-4070-82f4-7852354219ec",
                    "service": "in.juspay.inappupi",
                    "payload": {
                        "signaturePayload": "[REDACTED]",
                        "merchantKeyId": null,
                        "maskPIIData": null,
                        "action": "upiValidVpa",
                        "udfParameters": null,
                        "signature": "[REDACTED]",
                        "customerVpa": "000@000",
                        "clientAuthToken": null
                    },
                    "lifeCycleId": null
                }
            },
            "os": "ANDROID",
            "level": "info",
            "subcategory": "microapp"
        },
        {
            "value": {
                "title": "CACHE_VALIDITY",
                "value": "{ expiryType: \"HARD_EXPIRED\", key: \"SESSION_PARAMS_\", validFor: -1.0 }"
            },
            "os": "ANDROID",
            "level": "info",
            "subcategory": "system"
        },
        {
            "value": {
                "title": "AUTH_STATUS",
                "value": {
                    "key": "SESSION_PARAMS_",
                    "expiryType": "HARD_EXPIRED",
                    "cachedAtTs": 0
                }
            },
            "os": "ANDROID",
            "level": "info",
            "subcategory": "system"
        },
        {
            "value": {
                "title": "CACHE_VALIDITY",
                "value": "{ expiryType: \"VALID\", key: \"AUTH_PD\", validFor: 1693666.0 }"
            },
            "os": "ANDROID",
            "level": "info",
            "subcategory": "system"
        },
        {
            "value": {
                "title": "AUTH_STATUS",
                "value": {
                    "key": "AUTH_PD",
                    "expiryType": "VALID",
                    "cachedAtTs": 1753121488353
                }
            },
            "os": "ANDROID",
            "level": "info",
            "subcategory": "system"
        },
        {
            "value": {
                "title": "CACHE_VALIDITY",
                "value": "{ expiryType: \"VALID\", key: \"PSP_SESSION_TKN\", validFor: 499709.0 }"
            },
            "os": "ANDROID",
            "level": "info",
            "subcategory": "system"
        },
        {
            "value": {
                "title": "AUTH_STATUS",
                "value": {
                    "key": "PSP_SESSION_TKN",
                    "expiryType": "VALID",
                    "cachedAtTs": 1753121494400
                }
            },
            "os": "ANDROID",
            "level": "info",
            "subcategory": "system"
        },
        {
            "value": {
                "latency": "473.90000000037253",
                "url": "https://endpoint/vpas/validity"
            },
            "os": "ANDROID",
            "level": "info",
            "subcategory": "system"
        },
        {
            "value": {
                "ended": {
                    "errorMessage": "",
                    "requestId": "a4a18b1b-1a92-4070-82f4-7852354219ec",
                    "service": "in.juspay.inappupi",
                    "payload": {
                        "merchantId": "merchantX",
                        "isMerchantVerified": false,
                        "status": "SUCCESS",
                        "customerName": "",
                        "isCustomerVpaValid": false,
                        "responseMessage": "SUCCESS",
                        "merchantChannelId": "merchantXAPP",
                        "isMerchant": false,
                        "action": "upiValidVpa",
                        "udfParameters": "{}",
                        "responseCode": "SUCCESS",
                        "customerVpa": "000@000"
                    },
                    "errorCode": "",
                    "event": "process_result",
                    "error": false
                }
            },
            "os": "ANDROID",
            "level": "info",
            "subcategory": "microapp"
        },
        {
            "value": {
                "Latency": {
                    "latency": 549,
                    "latency_sub_ms": 549.4000000003725,
                    "action": "upiValidVpa",
                    "end_time": 1753121595176,
                    "start_time": 1753121594627
                }
            },
            "os": "ANDROID",
            "level": "info",
            "subcategory": "system"
        },
        {
            "value": {
                "ended": {
                    "errorMessage": "",
                    "requestId": "a4a18b1b-1a92-4070-82f4-7852354219ec",
                    "service": "in.juspay.inappupi",
                    "payload": "{\"udfParameters\":\"{}\",\"status\":\"SUCCESS\",\"responseMessage\":\"SUCCESS\",\"responseCode\":\"SUCCESS\",\"merchantId\":\"merchantX\",\"merchantChannelId\":\"merchantXAPP\",\"isMerchantVerified\":false,\"isMerchant\":false,\"isCustomerVpaValid\":false,\"customerVpa\":\"000@000\",\"customerName\":\"\",\"action\":\"upiValidVpa\"}",
                    "errorCode": "",
                    "error": false
                }
            },
            "os": "ANDROID",
            "level": "info",
            "subcategory": "microapp"
        },
        {
            "value": {
                "started": {
                    "requestId": "fe701dd9-57ab-480a-9ca9-9bd26ad090b5",
                    "service": "in.juspay.ec",
                    "payload": {
                        "currentActivityId": "50f21767-010e-48e8-ad19-4d229029f673",
                        "signaturePayload": "[REDACTED]",
                        "processStartedTime": 1753121612271,
                        "merchant_root_view": "16908290",
                        "lifecycleId": "sdk:[REDACTED]/os:ab6f598c-94f6-4ea7-9d09-8eee5746c908",
                        "action": "upiValidVpa",
                        "protected": "[REDACTED]",
                        "signature": "[REDACTED]",
                        "customerVpa": "000@000",
                        "merchant_keyboard_mode": 16
                    }
                }
            },
            "os": "android",
            "level": "info",
            "subcategory": "microapp"
        },
        {
            "value": {
                "order_id": "",
                "client_id": "merchantX",
                "merchant_id": ""
            },
            "os": "android",
            "level": "info",
            "subcategory": "device"
        },
        {
            "value": {
                "response": "{\"status\":\"SUCCESS\",\"responseMessage\":\"SUCCESS\",\"responseCode\":\"SUCCESS\",\"payload\":{\"merchantChannelId\":\"merchantXAPP\",\"merchantId\":\"merchantX\",\"isMerchant\":false,\"customerName\":\"\",\"isMerchantVerified\":false,\"isCustomerVpaValid\":false,\"featureTags\":[],\"customerVpa\":\"000@000\"},\"sdkChecksum\":\"648d42617bf3c97e6af438628297adfe67cc71733b56b752d1e3dd064c2718d4\",\"udfParameters\":\"{}\"}",
                "method": "POST",
                "url": "https://endpoint/vpas/validity",
                "status_code": 200,
                "payload": "{\"udfParameters\":\"{}\",\"merchantId\":\"merchantX\",\"merchantCustomerId\":\"[REDACTED]\",\"merchantChannelId\":\"merchantXAPP\",\"customerVpa\":\"000@000\",\"checksum\":\"44fc51a70322f97446d75fce956bd1a422b3e8b21e02c95fb64b20f3555d20f5\"}",
                "api_tag": "tag8",
                "end_time": 1753121612638,
                "start_time": 1753121612488
            },
            "level": "info",
            "subcategory": "network"
        },
        {
            "value": {
                "payload": {
                    "payload": {
                        "requestID": "fe701dd9-57ab-480a-9ca9-9bd26ad090b5"
                    },
                    "event": "hide_loader"
                }
            },
            "level": "info",
            "subcategory": "hypersdk"
        },
        {
            "value": {
                "ended": {
                    "errorMessage": "",
                    "requestId": "fe701dd9-57ab-480a-9ca9-9bd26ad090b5",
                    "service": "in.juspay.ec",
                    "payload": {
                        "merchantId": "merchantX",
                        "isMerchantVerified": false,
                        "status": "SUCCESS",
                        "customerName": "",
                        "isCustomerVpaValid": false,
                        "responseMessage": "SUCCESS",
                        "merchantChannelId": "merchantXAPP",
                        "isMerchant": false,
                        "action": "upiValidVpa",
                        "udfParameters": "{}",
                        "responseCode": "SUCCESS",
                        "customerVpa": "000@000"
                    },
                    "errorCode": "",
                    "error": false
                }
            },
            "os": "android",
            "level": "info",
            "subcategory": "microapp"
        },
        {
            "value": {
                "loader": "hide",
                "disableLoader": false,
                "forceLoader": false,
                "merchantLoader": true
            },
            "os": "android",
            "level": "info",
            "subcategory": "system"
        },
        {
            "value": {
                "ended": {
                    "errorMessage": "",
                    "requestId": "fe701dd9-57ab-480a-9ca9-9bd26ad090b5",
                    "service": "in.juspay.hyperapi",
                    "payload": {
                        "merchantId": "merchantX",
                        "isMerchantVerified": false,
                        "status": "SUCCESS",
                        "customerName": "",
                        "isCustomerVpaValid": false,
                        "responseMessage": "SUCCESS",
                        "merchantChannelId": "merchantXAPP",
                        "isMerchant": false,
                        "action": "upiValidVpa",
                        "udfParameters": "{}",
                        "responseCode": "SUCCESS",
                        "customerVpa": "000@000"
                    },
                    "errorCode": "",
                    "event": "process_result",
                    "error": false
                }
            },
            "level": "info",
            "subcategory": "hypersdk"
        },
        {
            "value": {
                "data": {
                    "os_eval_scope": 281,
                    "os_main": 364,
                    "in.juspay.hyperupi": {
                        "ready": 1693,
                        "gettingblockmjos": 1,
                        "attaching": 2,
                        "checkandloadfiles": 2,
                        "createhooks": 0
                    },
                    "mjos_download": 23,
                    "onmerchantevent": 17750,
                    "in.juspay.hyperapi": {
                        "ready": 143,
                        "gettingblockmjos": 4,
                        "attaching": 4,
                        "checkandloadfiles": 6,
                        "createhooks": 3
                    },
                    "os_loadjosconfig": 5,
                    "postconfig": 272,
                    "in.juspay.inappupi": {
                        "ready": 1943,
                        "gettingblockmjos": 0,
                        "attaching": 2348,
                        "checkandloadfiles": 2,
                        "createhooks": 0
                    },
                    "in.juspay.ec": {
                        "ready": 591,
                        "gettingblockmjos": 0,
                        "attaching": 9,
                        "checkandloadfiles": 5,
                        "createhooks": 0
                    },
                    "waitfordevicename": 0
                }
            },
            "os": "android",
            "level": "debug",
            "subcategory": "system"
        },
        {
            "value": {
                "started": {
                    "requestId": "fe701dd9-57ab-480a-9ca9-9bd26ad090b5",
                    "service": "in.juspay.inappupi",
                    "payload": "{\"service\":\"in.juspay.inappupi\",\"requestId\":\"fe701dd9-57ab-480a-9ca9-9bd26ad090b5\",\"payload\":{\"customerVpa\":\"000@000\",\"action\":\"upiValidVpa\",\"signature\":\"signatureValue\",\"signaturePayload\":\"signaturePayloadValue\",\"protected\":\"protectedKey\",\"merchant_root_view\":\"16908290\",\"merchant_keyboard_mode\":16,\"processStartedTime\":1753121612271,\"currentActivityId\":\"50f21767-010e-48e8-ad19-4d229029f673\",\"lifecycleId\":\"sdk:[REDACTED]/os:e3fc50a9-10ea-4081-8cf2-d885dfa1e598\"},\"lifecycleId\":\"sdk:[REDACTED]/os:e3fc50a9-10ea-4081-8cf2-d885dfa1e598\"}"
                }
            },
            "os": "android",
            "level": "info",
            "subcategory": "microapp"
        },
        {
            "value": {
                "started": {
                    "requestId": "fe701dd9-57ab-480a-9ca9-9bd26ad090b5",
                    "service": "in.juspay.inappupi",
                    "payload": {
                        "signaturePayload": "[REDACTED]",
                        "merchantKeyId": null,
                        "maskPIIData": null,
                        "action": "upiValidVpa",
                        "udfParameters": null,
                        "signature": "[REDACTED]",
                        "customerVpa": "000@000",
                        "clientAuthToken": null
                    },
                    "lifeCycleId": null
                }
            },
            "os": "android",
            "level": "info",
            "subcategory": "microapp"
        },
        {
            "value": {
                "title": "CACHE_VALIDITY",
                "value": "{ expiryType: \"HARD_EXPIRED\", key: \"SESSION_PARAMS_\", validFor: -1.0 }"
            },
            "os": "android",
            "level": "info",
            "subcategory": "system"
        },
        {
            "value": {
                "title": "AUTH_STATUS",
                "value": {
                    "key": "SESSION_PARAMS_",
                    "expiryType": "HARD_EXPIRED",
                    "cachedAtTs": 0
                }
            },
            "os": "android",
            "level": "info",
            "subcategory": "system"
        },
        {
            "value": {
                "title": "CACHE_VALIDITY",
                "value": "{ expiryType: \"VALID\", key: \"AUTH_PD\", validFor: 1675904.0 }"
            },
            "os": "android",
            "level": "info",
            "subcategory": "system"
        },
        {
            "value": {
                "title": "AUTH_STATUS",
                "value": {
                    "key": "AUTH_PD",
                    "expiryType": "VALID",
                    "cachedAtTs": 1753121488353
                }
            },
            "os": "android",
            "level": "info",
            "subcategory": "system"
        },
        {
            "value": {
                "title": "CACHE_VALIDITY",
                "value": "{ expiryType: \"VALID\", key: \"PSP_SESSION_TKN\", validFor: 481934.0 }"
            },
            "os": "android",
            "level": "info",
            "subcategory": "system"
        },
        {
            "value": {
                "title": "AUTH_STATUS",
                "value": {
                    "key": "PSP_SESSION_TKN",
                    "expiryType": "VALID",
                    "cachedAtTs": 1753121494400
                }
            },
            "os": "android",
            "level": "info",
            "subcategory": "system"
        },
        {
            "value": {
                "latency": "163.60000000149012",
                "url": "https://endpoint/vpas/validity"
            },
            "os": "android",
            "level": "info",
            "subcategory": "system"
        },
        {
            "value": {
                "ended": {
                    "errorMessage": "",
                    "requestId": "fe701dd9-57ab-480a-9ca9-9bd26ad090b5",
                    "service": "in.juspay.inappupi",
                    "payload": {
                        "merchantId": "merchantX",
                        "isMerchantVerified": false,
                        "status": "SUCCESS",
                        "customerName": "",
                        "isCustomerVpaValid": false,
                        "responseMessage": "SUCCESS",
                        "merchantChannelId": "merchantXAPP",
                        "isMerchant": false,
                        "action": "upiValidVpa",
                        "udfParameters": "{}",
                        "responseCode": "SUCCESS",
                        "customerVpa": "000@000"
                    },
                    "errorCode": "",
                    "event": "process_result",
                    "error": false
                }
            },
            "os": "android",
            "level": "info",
            "subcategory": "microapp"
        },
        {
            "value": {
                "Latency": {
                    "latency": 274,
                    "latency_sub_ms": 273.69999999925494,
                    "action": "upiValidVpa",
                    "end_time": 1753121612643,
                    "start_time": 1753121612369
                }
            },
            "os": "android",
            "level": "info",
            "subcategory": "system"
        },
        {
            "value": {
                "ended": {
                    "errorMessage": "",
                    "requestId": "fe701dd9-57ab-480a-9ca9-9bd26ad090b5",
                    "service": "in.juspay.inappupi",
                    "payload": "{\"udfParameters\":\"{}\",\"status\":\"SUCCESS\",\"responseMessage\":\"SUCCESS\",\"responseCode\":\"SUCCESS\",\"merchantId\":\"merchantX\",\"merchantChannelId\":\"merchantXAPP\",\"isMerchantVerified\":false,\"isMerchant\":false,\"isCustomerVpaValid\":false,\"customerVpa\":\"000@000\",\"customerName\":\"\",\"action\":\"upiValidVpa\"}",
                    "errorCode": "",
                    "error": false
                }
            },
            "os": "android",
            "level": "info",
            "subcategory": "microapp"
        },
        {
            "value": {
                "event": "onPause"
            },
            "os": "ANDROID",
            "level": "debug",
            "subcategory": "system"
        },
        {
            "value": {
                "event": "onResume"
            },
            "os": "ANDROID",
            "level": "debug",
            "subcategory": "system"
        },
        {
            "value": {
                "isInitialised()": {
                    "sdkState": "INITIATE_COMPLETED",
                    "isInitialised": true
                }
            },
            "os": "ANDROID",
            "level": "info",
            "subcategory": "hypersdk"
        },
        {
            "value": {
                "called_and_started": {
                    "requestId": "fe93194e-ef76-48c9-973c-c940b2354927",
                    "service": "in.juspay.hyperapi",
                    "payload": {
                        "signaturePayload": "[REDACTED]",
                        "action": "upiValidVpa",
                        "protected": "[REDACTED]",
                        "signature": "[REDACTED]",
                        "customerVpa": "No available UPI666"
                    }
                }
            },
            "os": "ANDROID",
            "level": "info",
            "subcategory": "hypersdk"
        },
        {
            "value": {
                "started": {
                    "requestId": "fe93194e-ef76-48c9-973c-c940b2354927",
                    "service": "in.juspay.hyperapi",
                    "payload": {
                        "signaturePayload": "[REDACTED]",
                        "action": "upiValidVpa",
                        "protected": "[REDACTED]",
                        "signature": "[REDACTED]",
                        "customerVpa": "No available UPI666"
                    }
                }
            },
            "os": "ANDROID",
            "level": "info",
            "subcategory": "hypersdk"
        },
        {
            "value": {
                "method": "POST",
                "url": "https://endpoint/vpas/validity",
                "options": "{}",
                "payload": "{\"udfParameters\":\"{}\",\"merchantId\":\"merchantX\",\"merchantCustomerId\":\"[REDACTED]\",\"merchantChannelId\":\"merchantXAPP\",\"customerVpa\":\"No available UPI666\",\"checksum\":\"[REDACTED]\"}",
                "start_time": 1753121633892
            },
            "os": "ANDROID",
            "level": "info",
            "subcategory": "network"
        },
        {
            "value": {
                "method": "POST",
                "url": "https://endpoint/vpas/validity",
                "payload": null,
                "api_tag": "tag9",
                "start_time": 1753121633894
            },
            "os": "ANDROID",
            "level": "info",
            "subcategory": "network"
        },
        {
            "value": {
                "started": {
                    "requestId": "fe93194e-ef76-48c9-973c-c940b2354927",
                    "service": "in.juspay.hyperapi",
                    "payload": {
                        "currentActivityId": "50f21767-010e-48e8-ad19-4d229029f673",
                        "signaturePayload": "[REDACTED]",
                        "processStartedTime": 1753121633722,
                        "merchant_root_view": "16908290",
                        "action": "upiValidVpa",
                        "protected": "[REDACTED]",
                        "signature": "[REDACTED]",
                        "customerVpa": "No available UPI666",
                        "merchant_keyboard_mode": 16
                    }
                }
            },
            "os": "ANDROID",
            "level": "info",
            "subcategory": "system"
        },
        {
            "value": {
                "started": {
                    "requestId": "fe93194e-ef76-48c9-973c-c940b2354927",
                    "service": "in.juspay.ec",
                    "payload": {
                        "currentActivityId": "50f21767-010e-48e8-ad19-4d229029f673",
                        "signaturePayload": "[REDACTED]",
                        "processStartedTime": 1753121633722,
                        "merchant_root_view": "16908290",
                        "lifecycleId": "sdk:[REDACTED]/os:e3aa7a11-142f-48a5-8a5f-c933681d2d3f",
                        "action": "upiValidVpa",
                        "protected": "[REDACTED]",
                        "signature": "[REDACTED]",
                        "customerVpa": "No available UPI666",
                        "merchant_keyboard_mode": 16
                    }
                }
            },
            "os": "ANDROID",
            "level": "info",
            "subcategory": "microapp"
        },
        {
            "value": {
                "response": "{\"status\":\"FAILURE\",\"responseMessage\":\"RegexValidation \\\"customerVpa regex failed\\\"\",\"responseCode\":\"BAD_REQUEST\"}",
                "method": "POST",
                "url": "https://endpoint/vpas/validity",
                "status_code": 200,
                "payload": "{\"udfParameters\":\"{}\",\"merchantId\":\"merchantX\",\"merchantCustomerId\":\"[REDACTED]\",\"merchantChannelId\":\"merchantXAPP\",\"customerVpa\":\"No available UPI666\",\"checksum\":\"[REDACTED]\"}",
                "api_tag": "tag9",
                "end_time": 1753121634002,
                "start_time": 1753121633894
            },
            "os": "ANDROID",
            "level": "info",
            "subcategory": "network"
        },
        {
            "value": {
                "payload": {
                    "payload": {
                        "requestID": "fe93194e-ef76-48c9-973c-c940b2354927"
                    },
                    "event": "hide_loader"
                }
            },
            "os": "ANDROID",
            "level": "info",
            "subcategory": "hypersdk"
        },
        {
            "value": {
                "ended": {
                    "errorMessage": "RegexValidation \"customerVpa regex failed\"",
                    "requestId": "fe93194e-ef76-48c9-973c-c940b2354927",
                    "service": "in.juspay.ec",
                    "payload": {
                        "otherInfo": {
                            "subErrorCode": null,
                            "subErrorMessage": null,
                            "backendResponseCode": "BAD_REQUEST"
                        },
                        "status": "FAILURE",
                        "errorCode": "JP_012",
                        "action": "upiValidVpa",
                        "errorDescription": "RegexValidation \"customerVpa regex failed\""
                    },
                    "errorCode": "JP_012",
                    "error": true
                }
            },
            "os": "ANDROID",
            "level": "info",
            "subcategory": "microapp"
        },
        {
            "value": {
                "loader": "hide",
                "disableLoader": false,
                "forceLoader": false,
                "merchantLoader": true
            },
            "os": "ANDROID",
            "level": "info",
            "subcategory": "system"
        },
        {
            "value": {
                "ended": {
                    "errorMessage": "RegexValidation \"customerVpa regex failed\"",
                    "requestId": "fe93194e-ef76-48c9-973c-c940b2354927",
                    "service": "in.juspay.hyperapi",
                    "payload": {
                        "otherInfo": {
                            "subErrorCode": null,
                            "subErrorMessage": null,
                            "backendResponseCode": "BAD_REQUEST"
                        },
                        "status": "FAILURE",
                        "errorCode": "JP_012",
                        "action": "upiValidVpa",
                        "errorDescription": "RegexValidation \"customerVpa regex failed\""
                    },
                    "errorCode": "JP_012",
                    "event": "process_result",
                    "error": true
                }
            },
            "os": "ANDROID",
            "level": "info",
            "subcategory": "hypersdk"
        },
        {
            "value": {
                "data": {
                    "os_eval_scope": 281,
                    "os_main": 364,
                    "in.juspay.hyperupi": {
                        "ready": 1693,
                        "gettingblockmjos": 1,
                        "attaching": 2,
                        "checkandloadfiles": 2,
                        "createhooks": 0
                    },
                    "mjos_download": 23,
                    "onmerchantevent": 21432,
                    "in.juspay.hyperapi": {
                        "ready": 143,
                        "gettingblockmjos": 4,
                        "attaching": 4,
                        "checkandloadfiles": 6,
                        "createhooks": 3
                    },
                    "os_loadjosconfig": 5,
                    "postconfig": 272,
                    "in.juspay.inappupi": {
                        "ready": 1943,
                        "gettingblockmjos": 0,
                        "attaching": 2348,
                        "checkandloadfiles": 2,
                        "createhooks": 0
                    },
                    "in.juspay.ec": {
                        "ready": 591,
                        "gettingblockmjos": 0,
                        "attaching": 9,
                        "checkandloadfiles": 5,
                        "createhooks": 0
                    },
                    "waitfordevicename": 0
                }
            },
            "os": "ANDROID",
            "level": "debug",
            "subcategory": "system"
        },
        {
            "value": {
                "isInitialised()": {
                    "sdkState": "INITIATE_COMPLETED",
                    "isInitialised": true
                }
            },
            "level": "info",
            "subcategory": "hypersdk"
        },
        {
            "value": {
                "called_and_started": {
                    "requestId": "2dea14f3-03c7-4e51-85cd-54cfe230a8ed",
                    "service": "in.juspay.hyperapi",
                    "payload": {
                        "signaturePayload": "[REDACTED]",
                        "action": "upiValidVpa",
                        "protected": "[REDACTED]",
                        "signature": "[REDACTED]",
                        "customerVpa": "No available UPI666"
                    }
                }
            },
            "level": "info",
            "subcategory": "hypersdk"
        },
        {
            "value": {
                "started": {
                    "requestId": "2dea14f3-03c7-4e51-85cd-54cfe230a8ed",
                    "service": "in.juspay.hyperapi",
                    "payload": {
                        "signaturePayload": "[REDACTED]",
                        "action": "upiValidVpa",
                        "protected": "[REDACTED]",
                        "signature": "[REDACTED]",
                        "customerVpa": "No available UPI666"
                    }
                }
            },
            "level": "info",
            "subcategory": "hypersdk"
        },
        {
            "value": {
                "main_thread_handover": 53
            },
            "level": "debug",
            "subcategory": "hypersdk"
        },
        {
            "value": {
                "method": "POST",
                "url": "https://endpoint/vpas/validity",
                "options": "{}",
                "payload": "{\"udfParameters\":\"{}\",\"merchantId\":\"merchantX\",\"merchantCustomerId\":\"[REDACTED]\",\"merchantChannelId\":\"merchantXAPP\",\"customerVpa\":\"No available UPI666\",\"checksum\":\"[REDACTED]\"}",
                "start_time": 1753121642676
            },
            "level": "info",
            "subcategory": "network"
        },
        {
            "value": {
                "method": "POST",
                "url": "https://endpoint/vpas/validity",
                "payload": null,
                "api_tag": "tag10",
                "start_time": 1753121642678
            },
            "level": "info",
            "subcategory": "network"
        },
        {
            "value": {
                "started": {
                    "requestId": "2dea14f3-03c7-4e51-85cd-54cfe230a8ed",
                    "service": "in.juspay.hyperapi",
                    "payload": {
                        "currentActivityId": "50f21767-010e-48e8-ad19-4d229029f673",
                        "signaturePayload": "[REDACTED]",
                        "processStartedTime": 1753121642546,
                        "merchant_root_view": "16908290",
                        "action": "upiValidVpa",
                        "protected": "[REDACTED]",
                        "signature": "[REDACTED]",
                        "customerVpa": "No available UPI666",
                        "merchant_keyboard_mode": 16
                    }
                }
            },
            "os": "android",
            "level": "info",
            "subcategory": "system"
        },
        {
            "value": {
                "client_id": "merchantX"
            },
            "os": "android",
            "level": "info",
            "subcategory": "payment"
        },
        {
            "value": {
                "started": {
                    "requestId": "2dea14f3-03c7-4e51-85cd-54cfe230a8ed",
                    "service": "in.juspay.ec",
                    "payload": {
                        "currentActivityId": "50f21767-010e-48e8-ad19-4d229029f673",
                        "signaturePayload": "[REDACTED]",
                        "processStartedTime": 1753121642546,
                        "merchant_root_view": "16908290",
                        "lifecycleId": "sdk:[REDACTED]/os:15888a41-5e30-479e-98cb-b761de36500b",
                        "action": "upiValidVpa",
                        "protected": "[REDACTED]",
                        "signature": "[REDACTED]",
                        "customerVpa": "No available UPI666",
                        "merchant_keyboard_mode": 16
                    }
                }
            },
            "os": "android",
            "level": "info",
            "subcategory": "microapp"
        },
        {
            "value": {
                "order_id": "",
                "client_id": "merchantX",
                "merchant_id": ""
            },
            "os": "android",
            "level": "info",
            "subcategory": "device"
        },
        {
            "value": {
                "response": "{\"status\":\"FAILURE\",\"responseMessage\":\"RegexValidation \\\"customerVpa regex failed\\\"\",\"responseCode\":\"BAD_REQUEST\"}",
                "method": "POST",
                "url": "https://endpoint/vpas/validity",
                "status_code": 200,
                "payload": "{\"udfParameters\":\"{}\",\"merchantId\":\"merchantX\",\"merchantCustomerId\":\"[REDACTED]\",\"merchantChannelId\":\"merchantXAPP\",\"customerVpa\":\"No available UPI666\",\"checksum\":\"[REDACTED]\"}",
                "api_tag": "tag10",
                "end_time": 1753121642803,
                "start_time": 1753121642678
            },
            "level": "info",
            "subcategory": "network"
        },
        {
            "value": {
                "ended": {
                    "errorMessage": "RegexValidation \"customerVpa regex failed\"",
                    "requestId": "2dea14f3-03c7-4e51-85cd-54cfe230a8ed",
                    "service": "in.juspay.ec",
                    "payload": {
                        "otherInfo": {
                            "subErrorCode": null,
                            "subErrorMessage": null,
                            "backendResponseCode": "BAD_REQUEST"
                        },
                        "status": "FAILURE",
                        "errorCode": "JP_012",
                        "action": "upiValidVpa",
                        "errorDescription": "RegexValidation \"customerVpa regex failed\""
                    },
                    "errorCode": "JP_012",
                    "error": true
                }
            },
            "os": "android",
            "level": "info",
            "subcategory": "microapp"
        },
        {
            "value": {
                "loader": "hide",
                "disableLoader": false,
                "forceLoader": false,
                "merchantLoader": true
            },
            "os": "android",
            "level": "info",
            "subcategory": "system"
        },
        {
            "value": {
                "payload": {
                    "payload": {
                        "requestID": "2dea14f3-03c7-4e51-85cd-54cfe230a8ed"
                    },
                    "event": "hide_loader"
                }
            },
            "level": "info",
            "subcategory": "hypersdk"
        },
        {
            "value": {
                "ended": {
                    "errorMessage": "RegexValidation \"customerVpa regex failed\"",
                    "requestId": "2dea14f3-03c7-4e51-85cd-54cfe230a8ed",
                    "service": "in.juspay.hyperapi",
                    "payload": {
                        "otherInfo": {
                            "subErrorCode": null,
                            "subErrorMessage": null,
                            "backendResponseCode": "BAD_REQUEST"
                        },
                        "status": "FAILURE",
                        "errorCode": "JP_012",
                        "action": "upiValidVpa",
                        "errorDescription": "RegexValidation \"customerVpa regex failed\""
                    },
                    "errorCode": "JP_012",
                    "event": "process_result",
                    "error": true
                }
            },
            "level": "info",
            "subcategory": "hypersdk"
        },
        {
            "value": {
                "data": {
                    "os_eval_scope": 281,
                    "os_main": 364,
                    "in.juspay.hyperupi": {
                        "ready": 1693,
                        "gettingblockmjos": 1,
                        "attaching": 2,
                        "checkandloadfiles": 2,
                        "createhooks": 0
                    },
                    "mjos_download": 23,
                    "onmerchantevent": 8824,
                    "in.juspay.hyperapi": {
                        "ready": 143,
                        "gettingblockmjos": 4,
                        "attaching": 4,
                        "checkandloadfiles": 6,
                        "createhooks": 3
                    },
                    "os_loadjosconfig": 5,
                    "postconfig": 272,
                    "in.juspay.inappupi": {
                        "ready": 1943,
                        "gettingblockmjos": 0,
                        "attaching": 2348,
                        "checkandloadfiles": 2,
                        "createhooks": 0
                    },
                    "in.juspay.ec": {
                        "ready": 591,
                        "gettingblockmjos": 0,
                        "attaching": 9,
                        "checkandloadfiles": 5,
                        "createhooks": 0
                    },
                    "waitfordevicename": 1
                }
            },
            "os": "android",
            "level": "debug",
            "subcategory": "system"
        },
        {
            "value": {
                "started": {
                    "requestId": "fe93194e-ef76-48c9-973c-c940b2354927",
                    "service": "in.juspay.inappupi",
                    "payload": "{\"service\":\"in.juspay.inappupi\",\"requestId\":\"fe93194e-ef76-48c9-973c-c940b2354927\",\"payload\":{\"customerVpa\":\"No available UPI666\",\"action\":\"upiValidVpa\",\"signature\":\"signatureValue\",\"signaturePayload\":\"signaturePayloadValue\",\"protected\":\"protectedKey\",\"merchant_root_view\":\"16908290\",\"merchant_keyboard_mode\":16,\"processStartedTime\":1753121633722,\"currentActivityId\":\"50f21767-010e-48e8-ad19-4d229029f673\",\"lifecycleId\":\"sdk:[REDACTED]/os:2020b96e-6b8e-49f2-9f3e-47ba28b56a85\"},\"lifecycleId\":\"sdk:[REDACTED]/os:2020b96e-6b8e-49f2-9f3e-47ba28b56a85\"}"
                }
            },
            "os": "ANDROID",
            "level": "info",
            "subcategory": "microapp"
        },
        {
            "value": {
                "started": {
                    "requestId": "fe93194e-ef76-48c9-973c-c940b2354927",
                    "service": "in.juspay.inappupi",
                    "payload": {
                        "signaturePayload": "[REDACTED]",
                        "merchantKeyId": null,
                        "maskPIIData": null,
                        "action": "upiValidVpa",
                        "udfParameters": null,
                        "signature": "[REDACTED]",
                        "customerVpa": "No available UPI666",
                        "clientAuthToken": null
                    },
                    "lifeCycleId": null
                }
            },
            "os": "ANDROID",
            "level": "info",
            "subcategory": "microapp"
        },
        {
            "value": {
                "title": "CACHE_VALIDITY",
                "value": "{ expiryType: \"HARD_EXPIRED\", key: \"SESSION_PARAMS_\", validFor: -1.0 }"
            },
            "os": "ANDROID",
            "level": "info",
            "subcategory": "system"
        },
        {
            "value": {
                "title": "AUTH_STATUS",
                "value": {
                    "key": "SESSION_PARAMS_",
                    "expiryType": "HARD_EXPIRED",
                    "cachedAtTs": 0
                }
            },
            "os": "ANDROID",
            "level": "info",
            "subcategory": "system"
        },
        {
            "value": {
                "title": "CACHE_VALIDITY",
                "value": "{ expiryType: \"VALID\", key: \"AUTH_PD\", validFor: 1654481.0 }"
            },
            "os": "ANDROID",
            "level": "info",
            "subcategory": "system"
        },
        {
            "value": {
                "title": "AUTH_STATUS",
                "value": {
                    "key": "AUTH_PD",
                    "expiryType": "VALID",
                    "cachedAtTs": 1753121488353
                }
            },
            "os": "ANDROID",
            "level": "info",
            "subcategory": "system"
        },
        {
            "value": {
                "title": "CACHE_VALIDITY",
                "value": "{ expiryType: \"VALID\", key: \"PSP_SESSION_TKN\", validFor: 460518.0 }"
            },
            "os": "ANDROID",
            "level": "info",
            "subcategory": "system"
        },
        {
            "value": {
                "title": "AUTH_STATUS",
                "value": {
                    "key": "PSP_SESSION_TKN",
                    "expiryType": "VALID",
                    "cachedAtTs": 1753121494400
                }
            },
            "os": "ANDROID",
            "level": "info",
            "subcategory": "system"
        },
        {
            "value": {
                "latency": "114.90000000037253",
                "url": "https://endpoint/vpas/validity"
            },
            "os": "ANDROID",
            "level": "info",
            "subcategory": "system"
        },
        {
            "value": {
                "ended": {
                    "errorMessage": "RegexValidation \"customerVpa regex failed\"",
                    "requestId": "fe93194e-ef76-48c9-973c-c940b2354927",
                    "service": "in.juspay.inappupi",
                    "payload": {
                        "otherInfo": {
                            "subErrorCode": null,
                            "subErrorMessage": null,
                            "backendResponseCode": "BAD_REQUEST"
                        },
                        "status": "FAILURE",
                        "errorCode": "JP_012",
                        "action": "upiValidVpa",
                        "errorDescription": "RegexValidation \"customerVpa regex failed\""
                    },
                    "errorCode": "JP_012",
                    "event": "process_result",
                    "error": true
                }
            },
            "os": "ANDROID",
            "level": "info",
            "subcategory": "microapp"
        },
        {
            "value": {
                "Latency": {
                    "latency": 199,
                    "latency_sub_ms": 198.69999999925494,
                    "action": "upiValidVpa",
                    "end_time": 1753121634008,
                    "start_time": 1753121633809
                }
            },
            "os": "ANDROID",
            "level": "info",
            "subcategory": "system"
        },
        {
            "value": {
                "ended": {
                    "errorMessage": "RegexValidation \"customerVpa regex failed\"",
                    "requestId": "fe93194e-ef76-48c9-973c-c940b2354927",
                    "service": "in.juspay.inappupi",
                    "payload": "{\"status\":\"FAILURE\",\"otherInfo\":{\"subErrorMessage\":null,\"subErrorCode\":null,\"backendResponseCode\":\"BAD_REQUEST\"},\"errorDescription\":\"RegexValidation \\\"customerVpa regex failed\\\"\",\"errorCode\":\"JP_012\",\"action\":\"upiValidVpa\"}",
                    "errorCode": "JP_012",
                    "error": true
                }
            },
            "os": "ANDROID",
            "level": "info",
            "subcategory": "microapp"
        },
        {
            "value": {
                "started": {
                    "requestId": "2dea14f3-03c7-4e51-85cd-54cfe230a8ed",
                    "service": "in.juspay.inappupi",
                    "payload": "{\"service\":\"in.juspay.inappupi\",\"requestId\":\"2dea14f3-03c7-4e51-85cd-54cfe230a8ed\",\"payload\":{\"customerVpa\":\"No available UPI666\",\"action\":\"upiValidVpa\",\"signature\":\"signatureValue\",\"signaturePayload\":\"signaturePayloadValue\",\"protected\":\"protectedKey\",\"merchant_root_view\":\"16908290\",\"merchant_keyboard_mode\":16,\"processStartedTime\":1753121642546,\"currentActivityId\":\"50f21767-010e-48e8-ad19-4d229029f673\",\"lifecycleId\":\"sdk:[REDACTED]/os:8a28c569-82fa-4fea-8921-e4649117deae\"},\"lifecycleId\":\"sdk:[REDACTED]/os:8a28c569-82fa-4fea-8921-e4649117deae\"}"
                }
            },
            "os": "android",
            "level": "info",
            "subcategory": "microapp"
        },
        {
            "value": {
                "started": {
                    "requestId": "2dea14f3-03c7-4e51-85cd-54cfe230a8ed",
                    "service": "in.juspay.inappupi",
                    "payload": {
                        "signaturePayload": "[REDACTED]",
                        "merchantKeyId": null,
                        "maskPIIData": null,
                        "action": "upiValidVpa",
                        "udfParameters": null,
                        "signature": "[REDACTED]",
                        "customerVpa": "No available UPI666",
                        "clientAuthToken": null
                    },
                    "lifeCycleId": null
                }
            },
            "os": "android",
            "level": "info",
            "subcategory": "microapp"
        },
        {
            "value": {
                "title": "CACHE_VALIDITY",
                "value": "{ expiryType: \"HARD_EXPIRED\", key: \"SESSION_PARAMS_\", validFor: -1.0 }"
            },
            "os": "android",
            "level": "info",
            "subcategory": "system"
        },
        {
            "value": {
                "title": "AUTH_STATUS",
                "value": {
                    "key": "SESSION_PARAMS_",
                    "expiryType": "HARD_EXPIRED",
                    "cachedAtTs": 0
                }
            },
            "os": "android",
            "level": "info",
            "subcategory": "system"
        },
        {
            "value": {
                "title": "CACHE_VALIDITY",
                "value": "{ expiryType: \"VALID\", key: \"AUTH_PD\", validFor: 1645687.0 }"
            },
            "os": "android",
            "level": "info",
            "subcategory": "system"
        },
        {
            "value": {
                "title": "AUTH_STATUS",
                "value": {
                    "key": "AUTH_PD",
                    "expiryType": "VALID",
                    "cachedAtTs": 1753121488353
                }
            },
            "os": "android",
            "level": "info",
            "subcategory": "system"
        },
        {
            "value": {
                "title": "CACHE_VALIDITY",
                "value": "{ expiryType: \"VALID\", key: \"PSP_SESSION_TKN\", validFor: 451730.0 }"
            },
            "os": "android",
            "level": "info",
            "subcategory": "system"
        },
        {
            "value": {
                "title": "AUTH_STATUS",
                "value": {
                    "key": "PSP_SESSION_TKN",
                    "expiryType": "VALID",
                    "cachedAtTs": 1753121494400
                }
            },
            "os": "android",
            "level": "info",
            "subcategory": "system"
        },
        {
            "value": {
                "latency": "130.59999999962747",
                "url": "https://endpoint/vpas/validity"
            },
            "os": "android",
            "level": "info",
            "subcategory": "system"
        },
        {
            "value": {
                "ended": {
                    "errorMessage": "RegexValidation \"customerVpa regex failed\"",
                    "requestId": "2dea14f3-03c7-4e51-85cd-54cfe230a8ed",
                    "service": "in.juspay.inappupi",
                    "payload": {
                        "otherInfo": {
                            "subErrorCode": null,
                            "subErrorMessage": null,
                            "backendResponseCode": "BAD_REQUEST"
                        },
                        "status": "FAILURE",
                        "errorCode": "JP_012",
                        "action": "upiValidVpa",
                        "errorDescription": "RegexValidation \"customerVpa regex failed\""
                    },
                    "errorCode": "JP_012",
                    "event": "process_result",
                    "error": true
                }
            },
            "os": "android",
            "level": "info",
            "subcategory": "microapp"
        },
        {
            "value": {
                "Latency": {
                    "latency": 184,
                    "latency_sub_ms": 184,
                    "action": "upiValidVpa",
                    "end_time": 1753121642807,
                    "start_time": 1753121642623
                }
            },
            "os": "android",
            "level": "info",
            "subcategory": "system"
        },
        {
            "value": {
                "ended": {
                    "errorMessage": "RegexValidation \"customerVpa regex failed\"",
                    "requestId": "2dea14f3-03c7-4e51-85cd-54cfe230a8ed",
                    "service": "in.juspay.inappupi",
                    "payload": "{\"status\":\"FAILURE\",\"otherInfo\":{\"subErrorMessage\":null,\"subErrorCode\":null,\"backendResponseCode\":\"BAD_REQUEST\"},\"errorDescription\":\"RegexValidation \\\"customerVpa regex failed\\\"\",\"errorCode\":\"JP_012\",\"action\":\"upiValidVpa\"}",
                    "errorCode": "JP_012",
                    "error": true
                }
            },
            "os": "android",
            "level": "info",
            "subcategory": "microapp"
        },
        {
            "value": {
                "event": "onPause"
            },
            "os": "ANDROID",
            "level": "debug",
            "subcategory": "system"
        },
        {
            "value": {
                "event": "onResume"
            },
            "os": "ANDROID",
            "level": "debug",
            "subcategory": "system"
        },
        {
            "value": {
                "message": "read from internal storage failed. /data/user/0/com.merchantX.android/app_juspay/payments/in.juspay.hyperapi/base_godel_2.2.1.html: open failed: ENOENT (No such file or directory)",
                "stacktrace": "java.io.FileNotFoundException: /data/user/0/com.merchantX.android/app_juspay/payments/in.juspay.hyperapi/base_godel_2.2.1.html: open failed: ENOENT (No such file or directory)\n\tat libcore.io.IoBridge.open(IoBridge.java:574)\n\tat java.io.FileInputStream.<init>(FileInputStream.java:179)\n\tat in.juspay.hypersdk.services.FileProviderService.readFromInternalStorage(Unknown Source:89)\n\tat in.juspay.hypersdk.services.FileProviderService.readFromFile(SourceFile:2)\n\tat in.juspay.hypersdk.services.FileProviderService.readFromFile(SourceFile:1)\n\tat in.juspay.hypersdk.core.JsInterface.loadFileInDUI(SourceFile:1)\n\tat android.os.MessageQueue.nativePollOnce(Native Method)\n\tat android.os.MessageQueue.next(MessageQueue.java:352)\n\tat android.os.Looper.loopOnce(Looper.java:202)\n\tat android.os.Looper.loop(Looper.java:340)\n\tat android.os.HandlerThread.run(HandlerThread.java:107)\nCaused by: android.system.ErrnoException: open failed: ENOENT (No such file or directory)\n\tat libcore.io.Linux.open(Native Method)\n\tat libcore.io.ForwardingOs.open(ForwardingOs.java:563)\n\tat libcore.io.BlockGuardOs.open(BlockGuardOs.java:274)\n\tat libcore.io.ForwardingOs.open(ForwardingOs.java:563)\n\tat android.app.ActivityThread$AndroidOs.open(ActivityThread.java:9700)\n\tat libcore.io.IoBridge.open(IoBridge.java:560)\n\t... 10 more\n"
            },
            "level": "exception",
            "subcategory": "system"
        },
        {
            "value": {
                "message": "read from internal storage failed. /data/user/0/com.merchantX.android/app_juspay/payments/in.juspay.ec/base_godel_2.2.1.html: open failed: ENOENT (No such file or directory)",
                "stacktrace": "java.io.FileNotFoundException: /data/user/0/com.merchantX.android/app_juspay/payments/in.juspay.ec/base_godel_2.2.1.html: open failed: ENOENT (No such file or directory)\n\tat libcore.io.IoBridge.open(IoBridge.java:574)\n\tat java.io.FileInputStream.<init>(FileInputStream.java:179)\n\tat in.juspay.hypersdk.services.FileProviderService.readFromInternalStorage(Unknown Source:89)\n\tat in.juspay.hypersdk.services.FileProviderService.readFromFile(SourceFile:2)\n\tat in.juspay.hypersdk.services.FileProviderService.readFromFile(SourceFile:1)\n\tat in.juspay.hypersdk.core.JsInterface.loadFileInDUI(SourceFile:1)\n\tat android.os.MessageQueue.nativePollOnce(Native Method)\n\tat android.os.MessageQueue.next(MessageQueue.java:352)\n\tat android.os.Looper.loopOnce(Looper.java:202)\n\tat android.os.Looper.loop(Looper.java:340)\n\tat android.os.HandlerThread.run(HandlerThread.java:107)\nCaused by: android.system.ErrnoException: open failed: ENOENT (No such file or directory)\n\tat libcore.io.Linux.open(Native Method)\n\tat libcore.io.ForwardingOs.open(ForwardingOs.java:563)\n\tat libcore.io.BlockGuardOs.open(BlockGuardOs.java:274)\n\tat libcore.io.ForwardingOs.open(ForwardingOs.java:563)\n\tat android.app.ActivityThread$AndroidOs.open(ActivityThread.java:9700)\n\tat libcore.io.IoBridge.open(IoBridge.java:560)\n\t... 10 more\n"
            },
            "level": "exception",
            "subcategory": "system"
        },
        {
            "value": {
                "message": "read from internal storage failed. /data/user/0/com.merchantX.android/app_juspay/payments/in.juspay.hyperupi/base_godel_2.2.1.html: open failed: ENOENT (No such file or directory)",
                "stacktrace": "java.io.FileNotFoundException: /data/user/0/com.merchantX.android/app_juspay/payments/in.juspay.hyperupi/base_godel_2.2.1.html: open failed: ENOENT (No such file or directory)\n\tat libcore.io.IoBridge.open(IoBridge.java:574)\n\tat java.io.FileInputStream.<init>(FileInputStream.java:179)\n\tat in.juspay.hypersdk.services.FileProviderService.readFromInternalStorage(Unknown Source:89)\n\tat in.juspay.hypersdk.services.FileProviderService.readFromFile(SourceFile:2)\n\tat in.juspay.hypersdk.services.FileProviderService.readFromFile(SourceFile:1)\n\tat in.juspay.hypersdk.core.JsInterface.loadFileInDUI(SourceFile:1)\n\tat android.os.MessageQueue.nativePollOnce(Native Method)\n\tat android.os.MessageQueue.next(MessageQueue.java:352)\n\tat android.os.Looper.loopOnce(Looper.java:202)\n\tat android.os.Looper.loop(Looper.java:340)\n\tat android.os.HandlerThread.run(HandlerThread.java:107)\nCaused by: android.system.ErrnoException: open failed: ENOENT (No such file or directory)\n\tat libcore.io.Linux.open(Native Method)\n\tat libcore.io.ForwardingOs.open(ForwardingOs.java:563)\n\tat libcore.io.BlockGuardOs.open(BlockGuardOs.java:274)\n\tat libcore.io.ForwardingOs.open(ForwardingOs.java:563)\n\tat android.app.ActivityThread$AndroidOs.open(ActivityThread.java:9700)\n\tat libcore.io.IoBridge.open(IoBridge.java:560)\n\t... 10 more\n"
            },
            "level": "exception",
            "subcategory": "system"
        },
        {
            "value": {
                "message": "read from internal storage failed. /data/user/0/com.merchantX.android/app_juspay/payments/in.juspay.inappupi/base_godel_2.2.1.html: open failed: ENOENT (No such file or directory)",
                "stacktrace": "java.io.FileNotFoundException: /data/user/0/com.merchantX.android/app_juspay/payments/in.juspay.inappupi/base_godel_2.2.1.html: open failed: ENOENT (No such file or directory)\n\tat libcore.io.IoBridge.open(IoBridge.java:574)\n\tat java.io.FileInputStream.<init>(FileInputStream.java:179)\n\tat in.juspay.hypersdk.services.FileProviderService.readFromInternalStorage(Unknown Source:89)\n\tat in.juspay.hypersdk.services.FileProviderService.readFromFile(SourceFile:2)\n\tat in.juspay.hypersdk.services.FileProviderService.readFromFile(SourceFile:1)\n\tat in.juspay.hypersdk.core.JsInterface.loadFileInDUI(SourceFile:1)\n\tat android.os.MessageQueue.nativePollOnce(Native Method)\n\tat android.os.MessageQueue.next(MessageQueue.java:352)\n\tat android.os.Looper.loopOnce(Looper.java:202)\n\tat android.os.Looper.loop(Looper.java:340)\n\tat android.os.HandlerThread.run(HandlerThread.java:107)\nCaused by: android.system.ErrnoException: open failed: ENOENT (No such file or directory)\n\tat libcore.io.Linux.open(Native Method)\n\tat libcore.io.ForwardingOs.open(ForwardingOs.java:563)\n\tat libcore.io.BlockGuardOs.open(BlockGuardOs.java:274)\n\tat libcore.io.ForwardingOs.open(ForwardingOs.java:563)\n\tat android.app.ActivityThread$AndroidOs.open(ActivityThread.java:9700)\n\tat libcore.io.IoBridge.open(IoBridge.java:560)\n\t... 10 more\n"
            },
            "level": "exception",
            "subcategory": "system"
        },
        {
            "value": {
                "message": "Received event from web view."
            },
            "level": "info",
            "subcategory": "hypersdk"
        },
        {
            "value": {
                "payload": {
                    "service": "in.juspay.hyperapi",
                    "action": "DUI_READY"
                }
            },
            "level": "info",
            "subcategory": "hypersdk"
        },
        {
            "value": {
                "pending_processes": 1
            },
            "level": "info",
            "subcategory": "hypersdk"
        },
        {
            "value": {
                "called_and_started": {
                    "requestId": "2cc25f11-eb6a-4e53-ab67-c840676b0d84",
                    "service": "in.juspay.hyperapi",
                    "payload": {
                        "action": "upiCheckPermission"
                    }
                }
            },
            "level": "info",
            "subcategory": "hypersdk"
        },
        {
            "value": {
                "started": {
                    "requestId": "2cc25f11-eb6a-4e53-ab67-c840676b0d84",
                    "service": "in.juspay.hyperapi",
                    "payload": {
                        "currentActivityId": "50f21767-010e-48e8-ad19-4d229029f673",
                        "processStartedTime": 1753121490570,
                        "merchant_root_view": "16908290",
                        "action": "upiCheckPermission",
                        "merchant_keyboard_mode": 272
                    }
                }
            },
            "level": "info",
            "subcategory": "hypersdk"
        },
        {
            "value": {
                "fragment_transaction": "Fragment Addition Done Successfully"
            },
            "level": "info",
            "subcategory": "hypersdk"
        },
        {
            "value": {
                "main_thread_handover": 4
            },
            "level": "debug",
            "subcategory": "hypersdk"
        },
        {
            "value": {
                "event": "onAttach"
            },
            "level": "debug",
            "subcategory": "system"
        },
        {
            "value": {
                "event": "onResume"
            },
            "level": "debug",
            "subcategory": "system"
        },
        {
            "value": {
                "sms_consent_listener": "SmsConsent listener started successfully"
            },
            "level": "debug",
            "subcategory": "system"
        },
        {
            "value": {
                "payload": {
                    "payload": {
                        "requestID": "e2505d04-a102-473d-921b-1363bbf85329"
                    },
                    "event": "hide_loader"
                }
            },
            "level": "info",
            "subcategory": "hypersdk"
        },
        {
            "value": {
                "ended": {
                    "errorMessage": "",
                    "requestId": "e2505d04-a102-473d-921b-1363bbf85329",
                    "service": "in.juspay.hyperapi",
                    "payload": {
                        "status": "success",
                        "action": "initiate"
                    },
                    "errorCode": "",
                    "event": "initiate_result",
                    "error": false
                }
            },
            "level": "info",
            "subcategory": "hypersdk"
        },
        {
            "value": {
                "remote_asset_service_update_hash": "Hash of used file 'config.json' is now 239ed186bb233dc5f0c35e4ead29b68a"
            },
            "level": "info",
            "subcategory": "system"
        },
        {
            "value": {
                "remote_asset_service_compare_hash": "Remote hash is same as disk hash. Not updating asset 'config.json'"
            },
            "level": "info",
            "subcategory": "system"
        },
        {
            "value": {
                "message": "read from internal storage failed. /data/user/0/com.merchantX.android/app_juspay/juspay_assets_godel_2.2.1.json: open failed: ENOENT (No such file or directory)",
                "stacktrace": "java.io.FileNotFoundException: /data/user/0/com.merchantX.android/app_juspay/juspay_assets_godel_2.2.1.json: open failed: ENOENT (No such file or directory)\n\tat libcore.io.IoBridge.open(IoBridge.java:574)\n\tat java.io.FileInputStream.<init>(FileInputStream.java:179)\n\tat in.juspay.hypersdk.services.FileProviderService.readFromInternalStorage(Unknown Source:89)\n\tat in.juspay.hypersdk.services.FileProviderService.readFromFile(SourceFile:2)\n\tat in.juspay.hypersdk.services.FileProviderService.readFromFile(SourceFile:1)\n\tat in.juspay.hypersdk.core.JsInterface.loadFileInDUI(SourceFile:1)\n\tat android.os.MessageQueue.nativePollOnce(Native Method)\n\tat android.os.MessageQueue.next(MessageQueue.java:352)\n\tat android.os.Looper.loopOnce(Looper.java:202)\n\tat android.os.Looper.loop(Looper.java:340)\n\tat android.os.HandlerThread.run(HandlerThread.java:107)\nCaused by: android.system.ErrnoException: open failed: ENOENT (No such file or directory)\n\tat libcore.io.Linux.open(Native Method)\n\tat libcore.io.ForwardingOs.open(ForwardingOs.java:563)\n\tat libcore.io.BlockGuardOs.open(BlockGuardOs.java:274)\n\tat libcore.io.ForwardingOs.open(ForwardingOs.java:563)\n\tat android.app.ActivityThread$AndroidOs.open(ActivityThread.java:9700)\n\tat libcore.io.IoBridge.open(IoBridge.java:560)\n\t... 10 more\n"
            },
            "level": "exception",
            "subcategory": "system"
        },
        {
            "value": {
                "readFromInternalStorage": "Returning the file content without decryption for sdk_config_godel_2.2.1.json"
            },
            "level": "debug",
            "subcategory": "system"
        },
        {
            "value": {
                "payload": {
                    "payload": {
                        "sessionId": "[REDACTED]",
                        "microappVersions": {
                            "in.juspay.hyperos": {
                                "mjos-experimentation": "7351928393353310208-control",
                                "tracker": "2.2.4",
                                "app": "3.6.21"
                            },
                            "in.juspay.hyperupi": {
                                "config": "1.35.3",
                                "app": "2.5.74"
                            },
                            "in.juspay.ec": {
                                "config": "1.1.48",
                                "app": "3.34.5"
                            }
                        },
                        "sdkVersion": "2.2.1xtest.30"
                    },
                    "event": "session_metadata"
                }
            },
            "level": "info",
            "subcategory": "hypersdk"
        },
        {
            "value": {
                "SERVICE_CONNECTED": "true"
            },
            "level": "debug",
            "subcategory": "system"
        },
        {
            "value": {
                "Set CL Service Instance": "true"
            },
            "level": "debug",
            "subcategory": "system"
        },
        {
            "value": {
                "method": "HEAD",
                "url": "https://endpoint",
                "options": "{\"readTimeout\":60000,\"connectionTimeout\":60000}",
                "payload": "{\"url\":\"https://endpoint\"}",
                "start_time": 1753121492429
            },
            "level": "info",
            "subcategory": "network"
        },
        {
            "value": {
                "method": "HEAD",
                "url": "https://endpoint",
                "payload": null,
                "api_tag": "tag1",
                "start_time": 1753121492435
            },
            "level": "info",
            "subcategory": "network"
        },
        {
            "value": {
                "started": {
                    "service_based": true,
                    "requestId": "e2505d04-a102-473d-921b-1363bbf85329",
                    "service": "in.juspay.hyperapi",
                    "use_local_assets": false,
                    "sdkName": "godel",
                    "payload": {
                        "issuingPsp": "YES_BIZ",
                        "currentActivityId": "50f21767-010e-48e8-ad19-4d229029f673",
                        "environment": "production",
                        "clientId": "merchantX",
                        "initiateStartedTime": 1753121488642,
                        "enableJwsAuth": true,
                        "lifecycleId": "sdk:[REDACTED]/os:6df3d9e2-7716-4615-98a7-fb43bef64bc5",
                        "theme": "dark",
                        "action": "initiate",
                        "merchantLoader": true
                    },
                    "lifecycleId": "sdk:[REDACTED]/os:6df3d9e2-7716-4615-98a7-fb43bef64bc5",
                    "theme": "dark",
                    "sdkVersion": "2.2.1"
                }
            },
            "os": "ANDROID",
            "level": "info",
            "subcategory": "system"
        },
        {
            "value": {
                "os": "android",
                "is_dev_enabled": "false",
                "godel_version": "2.2.1",
                "android_id": "4516c8854197a64c09edcba59459d10b630e1da64647b4935906d3123b2b5d76",
                "network_info": "cellular",
                "model": "V2303",
                "app_debuggable": false,
                "android_api_level": "35",
                "screen_height": "2313",
                "dir_name": "/data/app/~~sLFqHoHZOOsi2tp5alwSzg==/com.merchantX.android-X22q1C1aJ-OJng0ZqkQutw==/base.apk",
                "godel_build_version": "xtest.30",
                "device_id": "b3fbaa42-abf1-46db-91fe-2bed862891c5",
                "app_version": "2.0.22",
                "locale": "English",
                "vpn_connected": "false",
                "screen_width": "1080",
                "app_name": "POP",
                "brand": "vivo",
                "app_version_code": 85,
                "manufacturer": "vivo",
                "godel_remotes_version": "2.0rc1",
                "os_version": "15",
                "is_godel": false,
                "network_type": "20",
                "is_rooted": "false",
                "package_name": "com.merchantX.android",
                "client_id": "merchantX",
                "sdk_debuggable": false,
                "ip_address": "192.0.0.8",
                "screen_ppi": "386.366"
            },
            "os": "ANDROID",
            "level": "info",
            "subcategory": "device"
        },
        {
            "value": {
                "data": {
                    "isNew": false,
                    "version": "3.37_android_rc2_directupi1"
                }
            },
            "os": "android",
            "level": "debug",
            "subcategory": "system"
        },
        {
            "value": {
                "ended": {
                    "errorMessage": "Initiate can only be called once",
                    "requestId": "e2505d04-a102-473d-921b-1363bbf85329",
                    "service": "in.juspay.hyperservices",
                    "payload": {},
                    "errorCode": "JP_017",
                    "event": "initiate_result",
                    "error": true
                }
            },
            "os": "android",
            "level": "info",
            "subcategory": "system"
        },
        {
            "value": {
                "data": "in.juspay.hyperapi"
            },
            "os": "android",
            "level": "debug",
            "subcategory": "system"
        },
        {
            "value": {
                "data": "in.juspay.ec"
            },
            "os": "android",
            "level": "debug",
            "subcategory": "system"
        },
        {
            "value": {
                "started": {
                    "requestId": "e2505d04-a102-473d-921b-1363bbf85329",
                    "service": "in.juspay.ec",
                    "payload": {
                        "environment": "production",
                        "clientId": "merchantX",
                        "enableJwsAuth": true,
                        "action": "initiate",
                        "merchantLoader": true
                    }
                }
            },
            "os": "android",
            "level": "info",
            "subcategory": "microapp"
        },
        {
            "value": {
                "client_id": "merchantX",
                "merchant_id": ""
            },
            "os": "android",
            "level": "info",
            "subcategory": "device"
        },
        {
            "value": {
                "ended": {
                    "errorMessage": "",
                    "requestId": "e2505d04-a102-473d-921b-1363bbf85329",
                    "service": "in.juspay.ec",
                    "payload": {
                        "status": "success",
                        "action": "initiate"
                    },
                    "errorCode": "",
                    "error": false
                }
            },
            "os": "android",
            "level": "info",
            "subcategory": "microapp"
        },
        {
            "value": {
                "loader": "hide",
                "disableLoader": false,
                "forceLoader": false,
                "merchantLoader": true
            },
            "os": "android",
            "level": "info",
            "subcategory": "system"
        },
        {
            "value": {
                "response": "",
                "method": "HEAD",
                "url": "https://endpoint",
                "status_code": 200,
                "payload": "{\"url\":\"https://endpoint\"}",
                "api_tag": "tag1",
                "end_time": 1753121492924,
                "start_time": 1753121492435
            },
            "level": "info",
            "subcategory": "network"
        },
        {
            "value": {
                "ec_bundle_load": {
                    "bundle_load_latency": 77,
                    "bundle_load_end": 1753121490645,
                    "bundle_load_start": 1753121490568
                }
            },
            "os": "android",
            "level": "info",
            "subcategory": "hypersdk"
        },
        {
            "value": {
                "data": "in.juspay.hyperupi"
            },
            "os": "android",
            "level": "debug",
            "subcategory": "system"
        },
        {
            "value": {
                "data": "in.juspay.inappupi"
            },
            "os": "android",
            "level": "debug",
            "subcategory": "system"
        },
        {
            "value": {
                "UPI_SUPPORTED": true
            },
            "level": "debug",
            "subcategory": "system"
        },
        {
            "value": {
                "started": {
                    "requestId": "2cc25f11-eb6a-4e53-ab67-c840676b0d84",
                    "service": "in.juspay.hyperapi",
                    "payload": {
                        "currentActivityId": "50f21767-010e-48e8-ad19-4d229029f673",
                        "processStartedTime": 1753121490570,
                        "merchant_root_view": "16908290",
                        "action": "upiCheckPermission",
                        "merchant_keyboard_mode": 272
                    }
                }
            },
            "os": "android",
            "level": "info",
            "subcategory": "system"
        },
        {
            "value": {
                "client_id": "merchantX"
            },
            "os": "android",
            "level": "info",
            "subcategory": "payment"
        },
        {
            "value": {
                "started": {
                    "requestId": "2cc25f11-eb6a-4e53-ab67-c840676b0d84",
                    "service": "in.juspay.ec",
                    "payload": {
                        "currentActivityId": "50f21767-010e-48e8-ad19-4d229029f673",
                        "processStartedTime": 1753121490570,
                        "merchant_root_view": "16908290",
                        "lifecycleId": "sdk:[REDACTED]/os:ce69bff4-b4c9-4691-8927-e204419f168f",
                        "action": "upiCheckPermission",
                        "merchant_keyboard_mode": 272
                    }
                }
            },
            "os": "android",
            "level": "info",
            "subcategory": "microapp"
        },
        {
            "value": {
                "order_id": "",
                "client_id": "merchantX",
                "merchant_id": ""
            },
            "os": "android",
            "level": "info",
            "subcategory": "device"
        },
        {
            "value": {
                "payload": {
                    "payload": {
                        "requestID": "2cc25f11-eb6a-4e53-ab67-c840676b0d84"
                    },
                    "event": "hide_loader"
                }
            },
            "level": "info",
            "subcategory": "hypersdk"
        },
        {
            "value": {
                "ended": {
                    "errorMessage": "",
                    "requestId": "2cc25f11-eb6a-4e53-ab67-c840676b0d84",
                    "service": "in.juspay.hyperapi",
                    "payload": {
                        "permissions": [
                            {
                                "label": "android.permission.SEND_SMS",
                                "status": "GRANTED"
                            },
                            {
                                "label": "android.permission.READ_PHONE_STATE",
                                "status": "GRANTED"
                            },
                            {
                                "label": "android.permission.RECEIVE_SMS",
                                "status": "GRANTED"
                            },
                            {
                                "label": "android.permission.READ_SMS",
                                "status": "GRANTED"
                            }
                        ],
                        "status": "SUCCESS",
                        "action": "upiCheckPermission"
                    },
                    "errorCode": "",
                    "event": "process_result",
                    "error": false
                }
            },
            "level": "info",
            "subcategory": "hypersdk"
        },
        {
            "value": {
                "data": {
                    "isNew": false,
                    "version": "3.37_android_rc2_directupi1"
                }
            },
            "os": "android",
            "level": "debug",
            "subcategory": "system"
        },
        {
            "value": {
                "data": {
                    "payments/in.juspay.hyperapi/base.html": "base.html",
                    "payments/in.juspay.hyperupi/v1-configuration.zip": "https://assets.juspay.in/hyper/configs/merchantX/in.juspay.hyperupi/1.35.3/v1-configuration.zip",
                    "payments/in.juspay.hyperupi/v1-icons.zip": "https://assets.juspay.in/hyper/configs/merchantX/in.juspay.hyperupi/2.1.1/configuration/v1-icons.zip",
                    "payments/in.juspay.ec/base.html": "base.html",
                    "payments/in.juspay.inappupi/v1-index_bundle.zip": "https://assets.juspay.in/hyper/bundles/app/in.juspay.inappupi/2.1.117/android/v1-index_bundle.zip",
                    "payments/in.juspay.godel/v1-acs.zip": "https://assets.juspay.in/hyper/bundles/acs/in.juspay.godel/1.2.156/v1-acs.zip",
                    "payments/in.juspay.hyperupi/base.html": "base.html",
                    "payments/in.juspay.godel/v1-index_bundle.zip": "https://assets.juspay.in/hyper/bundles/app/in.juspay.godel/1.4.14/android/v1-index_bundle.zip",
                    "payments/in.juspay.godel/v1-config.zip": "https://assets.juspay.in/hyper/bundles/config/in.juspay.godel/1.3.15/v1-config.zip",
                    "payments/in.juspay.godel/v1-boot_loader.zip": "https://assets.juspay.in/hyper/bundles/release/in.juspay.godel/android/1.0rc2/common/1.0.1/v1-boot_loader.zip",
                    "payments/in.juspay.inappupi/v1-config.zip": "https://assets.juspay.in/hyper/bundles/config/in.juspay.inappupi/common/2.0.106/v1-config.zip",
                    "payments/in.juspay.hyperupi/v1-index_bundle.zip": "https://assets.juspay.in/hyper/bundles/app/in.juspay.hyperupi/2.5.74/android/v1-index_bundle.zip",
                    "payments/in.juspay.inappupi/base.html": "base.html",
                    "payments/in.juspay.ec/v1-index_bundle.zip": "https://assets.juspay.in/hyper/bundles/app/in.juspay.ec/3.34.5/android/v1-index_bundle.zip",
                    "v1-tracker.zip": "https://assets.juspay.in/hyper/bundles/app/tracker/2.2.4/v1-tracker.zip",
                    "payments/in.juspay.ec/v1-config.zip": "https://assets.juspay.in/hyper/bundles/config/in.juspay.ec/common/1.1.48/v1-config.zip"
                }
            },
            "os": "android",
            "level": "debug",
            "subcategory": "system"
        },
        {
            "value": {
                "data": [
                    {
                        "fileName": "config.json",
                        "endTime": 1753121491544,
                        "totalTime": 1177,
                        "startTime": 1753121490367
                    },
                    {
                        "fileName": "config.json",
                        "endTime": 1753121491631,
                        "totalTime": 1178,
                        "startTime": 1753121490453
                    }
                ]
            },
            "os": "android",
            "level": "debug",
            "subcategory": "system"
        },
        {
            "value": {
                "data": [
                    {
                        "fileName": "config.json",
                        "time": 2959,
                        "fileUrl": "https://assets.juspay.in/hyper/bundles/in.juspay.merchants/merchantX/android/release/config.json?toss=62"
                    }
                ]
            },
            "os": "android",
            "level": "debug",
            "subcategory": "system"
        },
        {
            "value": {
                "isInitialised()": {
                    "sdkState": "INITIATE_COMPLETED",
                    "isInitialised": true
                }
            },
            "level": "info",
            "subcategory": "hypersdk"
        },
        {
            "value": {
                "called_and_started": {
                    "requestId": "d899cf6d-f188-4543-a9b1-adb08d55e97d",
                    "service": "in.juspay.hyperapi",
                    "payload": {
                        "signaturePayload": "[REDACTED]",
                        "action": "upiGetSessionToken",
                        "protected": "[REDACTED]",
                        "signature": "[REDACTED]"
                    }
                }
            },
            "level": "info",
            "subcategory": "hypersdk"
        },
        {
            "value": {
                "started": {
                    "requestId": "d899cf6d-f188-4543-a9b1-adb08d55e97d",
                    "service": "in.juspay.hyperapi",
                    "payload": {
                        "currentActivityId": "50f21767-010e-48e8-ad19-4d229029f673",
                        "signaturePayload": "[REDACTED]",
                        "processStartedTime": 1753121493571,
                        "merchant_root_view": "16908290",
                        "action": "upiGetSessionToken",
                        "protected": "[REDACTED]",
                        "signature": "[REDACTED]",
                        "merchant_keyboard_mode": 16
                    }
                }
            },
            "level": "info",
            "subcategory": "hypersdk"
        },
        {
            "value": {
                "data": {
                    "os_eval_scope": 281,
                    "os_main": 364,
                    "in.juspay.hyperupi": {
                        "ready": 1693,
                        "gettingblockmjos": 1,
                        "attaching": 2,
                        "checkandloadfiles": 2,
                        "createhooks": 0
                    },
                    "mjos_download": 23,
                    "onmerchantevent": 569,
                    "in.juspay.hyperapi": {
                        "ready": 143,
                        "gettingblockmjos": 4,
                        "attaching": 4,
                        "checkandloadfiles": 6,
                        "createhooks": 3
                    },
                    "os_loadjosconfig": 5,
                    "in.juspay.inappupi": {
                        "ready": 1943,
                        "gettingblockmjos": 0,
                        "attaching": 2348,
                        "checkandloadfiles": 2,
                        "createhooks": 0
                    },
                    "in.juspay.ec": {
                        "ready": 591,
                        "gettingblockmjos": 0,
                        "attaching": 9,
                        "checkandloadfiles": 5,
                        "createhooks": 0
                    },
                    "waitfordevicename": 0
                }
            },
            "os": "android",
            "level": "debug",
            "subcategory": "system"
        },
        {
            "value": {
                "main_thread_handover": 17
            },
            "level": "debug",
            "subcategory": "hypersdk"
        },
        {
            "value": {
                "ended": {
                    "errorMessage": "",
                    "requestId": "2cc25f11-eb6a-4e53-ab67-c840676b0d84",
                    "service": "in.juspay.ec",
                    "payload": {
                        "permissions": [
                            {
                                "label": "android.permission.SEND_SMS",
                                "status": "GRANTED"
                            },
                            {
                                "label": "android.permission.READ_PHONE_STATE",
                                "status": "GRANTED"
                            },
                            {
                                "label": "android.permission.RECEIVE_SMS",
                                "status": "GRANTED"
                            },
                            {
                                "label": "android.permission.READ_SMS",
                                "status": "GRANTED"
                            }
                        ],
                        "status": "SUCCESS",
                        "action": "upiCheckPermission"
                    },
                    "errorCode": "",
                    "error": false
                }
            },
            "os": "android",
            "level": "info",
            "subcategory": "microapp"
        },
        {
            "value": {
                "loader": "hide",
                "disableLoader": false,
                "forceLoader": false,
                "merchantLoader": true
            },
            "os": "android",
            "level": "info",
            "subcategory": "system"
        },
        {
            "value": {
                "started": {
                    "requestId": "d899cf6d-f188-4543-a9b1-adb08d55e97d",
                    "service": "in.juspay.hyperapi",
                    "payload": {
                        "currentActivityId": "50f21767-010e-48e8-ad19-4d229029f673",
                        "signaturePayload": "[REDACTED]",
                        "processStartedTime": 1753121493571,
                        "merchant_root_view": "16908290",
                        "action": "upiGetSessionToken",
                        "protected": "[REDACTED]",
                        "signature": "[REDACTED]",
                        "merchant_keyboard_mode": 16
                    }
                }
            },
            "os": "android",
            "level": "info",
            "subcategory": "system"
        },
        {
            "value": {
                "client_id": "merchantX"
            },
            "os": "android",
            "level": "info",
            "subcategory": "payment"
        },
        {
            "value": {
                "started": {
                    "requestId": "d899cf6d-f188-4543-a9b1-adb08d55e97d",
                    "service": "in.juspay.ec",
                    "payload": {
                        "currentActivityId": "50f21767-010e-48e8-ad19-4d229029f673",
                        "signaturePayload": "[REDACTED]",
                        "processStartedTime": 1753121493571,
                        "merchant_root_view": "16908290",
                        "lifecycleId": "sdk:[REDACTED]/os:6ed79be3-dea8-4a20-8cf3-8857fd5a82d3",
                        "action": "upiGetSessionToken",
                        "protected": "[REDACTED]",
                        "signature": "[REDACTED]",
                        "merchant_keyboard_mode": 16
                    }
                }
            },
            "os": "android",
            "level": "info",
            "subcategory": "microapp"
        },
        {
            "value": {
                "order_id": "",
                "client_id": "merchantX",
                "merchant_id": ""
            },
            "os": "android",
            "level": "info",
            "subcategory": "device"
        },
        {
            "value": {
                "remote_asset_service_update_hash": "Hash of used file 'sdk_config.json' is now 6456f60ae6e97d6078fd2c8cb8ef2d87"
            },
            "level": "info",
            "subcategory": "system"
        },
        {
            "value": {
                "remote_asset_service_compare_hash": "Remote hash is same as disk hash. Not updating asset 'sdk_config.json'"
            },
            "level": "info",
            "subcategory": "system"
        },
        {
            "value": {
                "method": "POST",
                "url": "https://endpoint/getSessionTokenV2",
                "options": "{\"readTimeout\":10000,\"connectionTimeout\":10000}",
                "payload": "{\"version\":\"15\",\"simIds\":[\"1\",\"2\",\"1|2\"],\"sdkVersion\":\"2.2.1-xtest.30\",\"packageName\":\"com.merchantX.android\",\"os\":\"ANDROID\",\"npciKeyRequired\":false,\"model\":\"V2303\",\"merchantPayload\":{\"signature\":\"signatureValue\",\"protected\":\"protectedKey\",\"payload\":\"signaturePayloadValue\"},\"merchantId\":\"merchantX\",\"merchantChannelId\":\"merchantXAPP\",\"manufacturer\":\"vivo\",\"deviceId\":\"b3fbaa42-abf1-46db-91fe-2bed862891c5\",\"checksum\":\"967f3ad67496d5f34e9038bb4dbde2055933bf9d94028dab8b0af9f53d841d6a\",\"appVersion\":\"2.0.22\"}",
                "start_time": 1753121493816
            },
            "level": "info",
            "subcategory": "network"
        },
        {
            "value": {
                "method": "POST",
                "url": "https://endpoint/getSessionTokenV2",
                "payload": null,
                "api_tag": "tag2",
                "start_time": 1753121493817
            },
            "level": "info",
            "subcategory": "network"
        },
        {
            "value": {
                "readFromInternalStorage": "Returning the file content without decryption for sdk_config_godel_2.2.1.json"
            },
            "level": "debug",
            "subcategory": "system"
        },
        {
            "value": {
                "payload": {
                    "payload": {
                        "requestID": "d899cf6d-f188-4543-a9b1-adb08d55e97d"
                    },
                    "event": "hide_loader"
                }
            },
            "level": "info",
            "subcategory": "hypersdk"
        },
        {
            "value": {
                "ended": {
                    "errorMessage": "",
                    "requestId": "d899cf6d-f188-4543-a9b1-adb08d55e97d",
                    "service": "in.juspay.ec",
                    "payload": {
                        "customerMobileNumber": "[REDACTED]",
                        "mcc": "7322",
                        "deviceBindStrategies": [
                            "SMS",
                            "SMS",
                            "SMS"
                        ],
                        "upiNumbers": [
                            {
                                "upiNumberStatus": "ACTIVE",
                                "vpa": "[REDACTED]",
                                "upiNumber": "7705930977"
                            }
                        ],
                        "status": "LINKED",
                        "isDeviceActivated": "true",
                        "vpaAccounts": [
                            {
                                "vpa": "[REDACTED]",
                                "account": {
                                    "ifsc": "PUNB0538300",
                                    "name": "RAJ PANDEY",
                                    "type": "SAVINGS",
                                    "branchName": "",
                                    "bankAccountUniqueId": "[REDACTED]",
                                    "mpinSet": "true",
                                    "bankCode": "[REDACTED]",
                                    "atmPinLength": "4",
                                    "supportedFeatures": {
                                        "recurrenceMandate": true,
                                        "upiCredit": true,
                                        "aadhaar": true,
                                        "fir": true,
                                        "emi": true,
                                        "liteOffline": true,
                                        "base": true,
                                        "nfs": true,
                                        "global": true,
                                        "ccBill": true,
                                        "clDynamicKeys": true,
                                        "voucherManagementSystem": true,
                                        "credit": false,
                                        "mandate": true,
                                        "lite": true
                                    },
                                    "mpinLength": "6",
                                    "referenceId": "[REDACTED]",
                                    "maskedAccountNumber": "XXXXXX8557",
                                    "isPrimary": "true",
                                    "bankName": "Punjab National Bank",
                                    "otpLength": "6"
                                }
                            }
                        ],
                        "action": "upiGetSessionToken",
                        "prefix": "YJP",
                        "isDeviceBound": "true",
                        "deviceFingerPrint": "46f4cffaf7bfb685cc8b5a48bf8b9f25178ec18fd9831228f3797a5be36b3adc"
                    },
                    "errorCode": "",
                    "error": false
                }
            },
            "os": "android",
            "level": "info",
            "subcategory": "microapp"
        },
        {
            "value": {
                "loader": "hide",
                "disableLoader": false,
                "forceLoader": false,
                "merchantLoader": true
            },
            "os": "android",
            "level": "info",
            "subcategory": "system"
        },
        {
            "value": {
                "ended": {
                    "errorMessage": "",
                    "requestId": "d899cf6d-f188-4543-a9b1-adb08d55e97d",
                    "service": "in.juspay.hyperapi",
                    "payload": {
                        "customerMobileNumber": "[REDACTED]",
                        "mcc": "7322",
                        "deviceBindStrategies": [
                            "SMS",
                            "SMS",
                            "SMS"
                        ],
                        "upiNumbers": [
                            {
                                "upiNumberStatus": "ACTIVE",
                                "vpa": "[REDACTED]",
                                "upiNumber": "7705930977"
                            }
                        ],
                        "status": "LINKED",
                        "isDeviceActivated": "true",
                        "vpaAccounts": [
                            {
                                "vpa": "[REDACTED]",
                                "account": {
                                    "ifsc": "PUNB0538300",
                                    "name": "RAJ PANDEY",
                                    "type": "SAVINGS",
                                    "branchName": "",
                                    "bankAccountUniqueId": "[REDACTED]",
                                    "mpinSet": "true",
                                    "bankCode": "[REDACTED]",
                                    "atmPinLength": "4",
                                    "supportedFeatures": {
                                        "recurrenceMandate": true,
                                        "upiCredit": true,
                                        "aadhaar": true,
                                        "fir": true,
                                        "emi": true,
                                        "liteOffline": true,
                                        "base": true,
                                        "nfs": true,
                                        "global": true,
                                        "ccBill": true,
                                        "clDynamicKeys": true,
                                        "voucherManagementSystem": true,
                                        "credit": false,
                                        "mandate": true,
                                        "lite": true
                                    },
                                    "mpinLength": "6",
                                    "referenceId": "[REDACTED]",
                                    "maskedAccountNumber": "XXXXXX8557",
                                    "isPrimary": "true",
                                    "bankName": "Punjab National Bank",
                                    "otpLength": "6"
                                }
                            }
                        ],
                        "action": "upiGetSessionToken",
                        "prefix": "YJP",
                        "isDeviceBound": "true",
                        "deviceFingerPrint": "46f4cffaf7bfb685cc8b5a48bf8b9f25178ec18fd9831228f3797a5be36b3adc"
                    },
                    "errorCode": "",
                    "event": "process_result",
                    "error": false
                }
            },
            "level": "info",
            "subcategory": "hypersdk"
        },
        {
            "value": {
                "isInitialised()": {
                    "sdkState": "INITIATE_COMPLETED",
                    "isInitialised": true
                }
            },
            "level": "info",
            "subcategory": "hypersdk"
        },
        {
            "value": {
                "called_and_started": {
                    "requestId": "80e674de-d62e-45f8-9b78-6b5c5e3d02d5",
                    "service": "in.juspay.hyperapi",
                    "payload": {
                        "signaturePayload": "[REDACTED]",
                        "offset": 0,
                        "limit": 100,
                        "action": "upiListPendingTransactions",
                        "protected": "[REDACTED]",
                        "signature": "[REDACTED]"
                    }
                }
            },
            "level": "info",
            "subcategory": "hypersdk"
        },
        {
            "value": {
                "started": {
                    "requestId": "80e674de-d62e-45f8-9b78-6b5c5e3d02d5",
                    "service": "in.juspay.hyperapi",
                    "payload": {
                        "signaturePayload": "[REDACTED]",
                        "offset": 0,
                        "limit": 100,
                        "action": "upiListPendingTransactions",
                        "protected": "[REDACTED]",
                        "signature": "[REDACTED]"
                    }
                }
            },
            "level": "info",
            "subcategory": "hypersdk"
        },
        {
            "value": {
                "main_thread_handover": 1
            },
            "level": "debug",
            "subcategory": "hypersdk"
        },
        {
            "value": {
                "method": "POST",
                "url": "https://endpoint/getSessionTokenV2",
                "options": "{\"readTimeout\":10000,\"connectionTimeout\":10000}",
                "payload": "{\"version\":\"15\",\"simIds\":[\"1\",\"2\",\"1|2\"],\"sdkVersion\":\"2.2.1-xtest.30\",\"packageName\":\"com.merchantX.android\",\"os\":\"ANDROID\",\"npciKeyRequired\":false,\"model\":\"V2303\",\"merchantPayload\":{\"signature\":\"signatureValue\",\"protected\":\"protectedKey\",\"payload\":\"signaturePayloadValue\"},\"merchantId\":\"merchantX\",\"merchantChannelId\":\"merchantXAPP\",\"manufacturer\":\"vivo\",\"deviceId\":\"b3fbaa42-abf1-46db-91fe-2bed862891c5\",\"checksum\":\"967f3ad67496d5f34e9038bb4dbde2055933bf9d94028dab8b0af9f53d841d6a\",\"appVersion\":\"2.0.22\"}",
                "start_time": 1753121494015
            },
            "level": "info",
            "subcategory": "network"
        },
        {
            "value": {
                "method": "POST",
                "url": "https://endpoint/getSessionTokenV2",
                "payload": null,
                "api_tag": "tag3",
                "start_time": 1753121494016
            },
            "level": "info",
            "subcategory": "network"
        },
        {
            "value": {
                "started": {
                    "requestId": "80e674de-d62e-45f8-9b78-6b5c5e3d02d5",
                    "service": "in.juspay.hyperapi",
                    "payload": {
                        "currentActivityId": "50f21767-010e-48e8-ad19-4d229029f673",
                        "signaturePayload": "[REDACTED]",
                        "processStartedTime": 1753121493899,
                        "offset": 0,
                        "merchant_root_view": "16908290",
                        "limit": 100,
                        "action": "upiListPendingTransactions",
                        "protected": "[REDACTED]",
                        "signature": "[REDACTED]",
                        "merchant_keyboard_mode": 16
                    }
                }
            },
            "os": "android",
            "level": "info",
            "subcategory": "system"
        },
        {
            "value": {
                "client_id": "merchantX"
            },
            "os": "android",
            "level": "info",
            "subcategory": "payment"
        },
        {
            "value": {
                "started": {
                    "requestId": "80e674de-d62e-45f8-9b78-6b5c5e3d02d5",
                    "service": "in.juspay.ec",
                    "payload": {
                        "currentActivityId": "50f21767-010e-48e8-ad19-4d229029f673",
                        "signaturePayload": "[REDACTED]",
                        "processStartedTime": 1753121493899,
                        "offset": 0,
                        "merchant_root_view": "16908290",
                        "limit": 100,
                        "lifecycleId": "sdk:[REDACTED]/os:b176f995-9d20-474e-8a34-b52aada017c7",
                        "action": "upiListPendingTransactions",
                        "protected": "[REDACTED]",
                        "signature": "[REDACTED]",
                        "merchant_keyboard_mode": 16
                    }
                }
            },
            "os": "android",
            "level": "info",
            "subcategory": "microapp"
        },
        {
            "value": {
                "order_id": "",
                "client_id": "merchantX",
                "merchant_id": ""
            },
            "os": "android",
            "level": "info",
            "subcategory": "device"
        },
        {
            "value": {
                "response": "{\"merchantPayload\":{\"defaultAccountReferenceId\":\"[REDACTED]\",\"config\":{\"liteTopupMaxLimit\":5000,\"liteTxnLimit\":1000.0,\"noOfLiteAccountsAllowed\":\"1\"},\"vpaAccounts\":[{\"vpa\":\"[REDACTED]\",\"account\":{\"maskedAccountNumber\":\"XXXXXX8557\",\"otpLength\":\"6\",\"mpinSet\":\"true\",\"atmPinLength\":\"4\",\"branchName\":\"\",\"referenceId\":\"[REDACTED]\",\"name\":\"RAJ PANDEY\",\"ifsc\":\"PUNB0538300\",\"type\":\"SAVINGS\",\"bankCode\":\"[REDACTED]\",\"isPrimary\":\"true\",\"mpinLength\":\"6\",\"bankAccountUniqueId\":\"[REDACTED]\",\"bankName\":\"Punjab National Bank\"}}],\"deviceFingerPrint\":\"46f4cffaf7bfb685cc8b5a48bf8b9f25178ec18fd9831228f3797a5be36b3adc\",\"delegateInfo\":{\"delegateLinks\":[],\"delegateVpas\":[\"[REDACTED]\"]},\"upiNumbers\":[{\"vpa\":\"[REDACTED]\",\"upiNumber\":\"7705930977\",\"upiNumberStatus\":\"ACTIVE\"}],\"deviceBindStrategies\":[\"SMS\",\"SMS\",\"SMS\"],\"isDeviceActivated\":\"true\",\"customerMobileNumber\":\"[REDACTED]\",\"mcc\":\"7322\",\"isDeviceBound\":\"true\"},\"status\":\"SUCCESS\",\"responseMessage\":\"SUCCESS\",\"responseCode\":\"SUCCESS\",\"sdkChecksum\":\"f9a70d3459a094e8efdd245e9b6897778d0f9c72324b717bf4c78a84fbecd016\",\"sdkPayload\":{\"sessionToken\":\"U2FsdGVkX19zww0m00Z4V6KDokz62lNI7S9+Z5E3XVOQ5+8FSr9Bb84vs4RxHdjWPOb0egWKezaWJjEZWCZfddpr0b9vB00WOA8LAluoXkW9wJSGqx5OAkN4zX4b0ZoY\",\"profileUpdatedAt\":\"2025-07-20T09:34:24+05:30\",\"sessionId\":\"23e081dc-d657-4b51-bf53-62df0cd457b0\",\"expiryTimestamp\":\"2025-07-21T23:51:34+05:30\"},\"udfParameters\":\"{}\"}",
                "method": "POST",
                "url": "https://endpoint/getSessionTokenV2",
                "status_code": 200,
                "payload": "{\"version\":\"15\",\"simIds\":[\"1\",\"2\",\"1|2\"],\"sdkVersion\":\"2.2.1-xtest.30\",\"packageName\":\"com.merchantX.android\",\"os\":\"ANDROID\",\"npciKeyRequired\":false,\"model\":\"V2303\",\"merchantPayload\":{\"signature\":\"signatureValue\",\"protected\":\"protectedKey\",\"payload\":\"signaturePayloadValue\"},\"merchantId\":\"merchantX\",\"merchantChannelId\":\"merchantXAPP\",\"manufacturer\":\"vivo\",\"deviceId\":\"b3fbaa42-abf1-46db-91fe-2bed862891c5\",\"checksum\":\"967f3ad67496d5f34e9038bb4dbde2055933bf9d94028dab8b0af9f53d841d6a\",\"appVersion\":\"2.0.22\"}",
                "api_tag": "tag2",
                "end_time": 1753121494025,
                "start_time": 1753121493817
            },
            "level": "info",
            "subcategory": "network"
        },
        {
            "value": {
                "response": "{\"merchantPayload\":{\"defaultAccountReferenceId\":\"[REDACTED]\",\"config\":{\"liteTopupMaxLimit\":5000,\"liteTxnLimit\":1000.0,\"noOfLiteAccountsAllowed\":\"1\"},\"vpaAccounts\":[{\"vpa\":\"[REDACTED]\",\"account\":{\"maskedAccountNumber\":\"XXXXXX8557\",\"otpLength\":\"6\",\"mpinSet\":\"true\",\"atmPinLength\":\"4\",\"branchName\":\"\",\"referenceId\":\"[REDACTED]\",\"name\":\"RAJ PANDEY\",\"ifsc\":\"PUNB0538300\",\"type\":\"SAVINGS\",\"bankCode\":\"[REDACTED]\",\"isPrimary\":\"true\",\"mpinLength\":\"6\",\"bankAccountUniqueId\":\"[REDACTED]\",\"bankName\":\"Punjab National Bank\"}}],\"deviceFingerPrint\":\"46f4cffaf7bfb685cc8b5a48bf8b9f25178ec18fd9831228f3797a5be36b3adc\",\"delegateInfo\":{\"delegateLinks\":[],\"delegateVpas\":[\"[REDACTED]\"]},\"upiNumbers\":[{\"vpa\":\"[REDACTED]\",\"upiNumber\":\"7705930977\",\"upiNumberStatus\":\"ACTIVE\"}],\"deviceBindStrategies\":[\"SMS\",\"SMS\",\"SMS\"],\"isDeviceActivated\":\"true\",\"customerMobileNumber\":\"[REDACTED]\",\"mcc\":\"7322\",\"isDeviceBound\":\"true\"},\"status\":\"SUCCESS\",\"responseMessage\":\"SUCCESS\",\"responseCode\":\"SUCCESS\",\"sdkChecksum\":\"cc4be7873bb0af8282971c6afcb94b4ac844564d3f4c5e1ac019d5c6503c9920\",\"sdkPayload\":{\"sessionToken\":\"U2FsdGVkX19iSPJ6+sEZmTqgwakmV8MwDimpGSbLaZ9Lt/FkpXVL7AjhAkxtBl3DOsbmMuYOjLMhHRytShvflAA+VN9/+msPdE4cLW/72gPclr9jTBr+ZAzXibONIu7o\",\"profileUpdatedAt\":\"2025-07-20T09:34:24+05:30\",\"sessionId\":\"69097236-3cd8-441c-a56d-41e9a93e043a\",\"expiryTimestamp\":\"2025-07-21T23:51:35+05:30\"},\"udfParameters\":\"{}\"}",
                "method": "POST",
                "url": "https://endpoint/getSessionTokenV2",
                "status_code": 200,
                "payload": "{\"version\":\"15\",\"simIds\":[\"1\",\"2\",\"1|2\"],\"sdkVersion\":\"2.2.1-xtest.30\",\"packageName\":\"com.merchantX.android\",\"os\":\"ANDROID\",\"npciKeyRequired\":false,\"model\":\"V2303\",\"merchantPayload\":{\"signature\":\"signatureValue\",\"protected\":\"protectedKey\",\"payload\":\"signaturePayloadValue\"},\"merchantId\":\"merchantX\",\"merchantChannelId\":\"merchantXAPP\",\"manufacturer\":\"vivo\",\"deviceId\":\"b3fbaa42-abf1-46db-91fe-2bed862891c5\",\"checksum\":\"967f3ad67496d5f34e9038bb4dbde2055933bf9d94028dab8b0af9f53d841d6a\",\"appVersion\":\"2.0.22\"}",
                "api_tag": "tag3",
                "end_time": 1753121494197,
                "start_time": 1753121494016
            },
            "level": "info",
            "subcategory": "network"
        },
        {
            "value": {
                "method": "POST",
                "url": "https://endpoint/transactions/pending",
                "options": "{}",
                "payload": "{\"udfParameters\":\"{}\",\"offset\":0,\"merchantId\":\"merchantX\",\"merchantCustomerId\":\"[REDACTED]\",\"merchantChannelId\":\"merchantXAPP\",\"limit\":100,\"checksum\":\"95c3d1f0fd8afcb2ff2502c11ade9dc33dc08e76885b265e67909a9b219fa2a5\"}",
                "start_time": 1753121494422
            },
            "level": "info",
            "subcategory": "network"
        },
        {
            "value": {
                "method": "POST",
                "url": "https://endpoint/transactions/pending",
                "payload": null,
                "api_tag": "tag4",
                "start_time": 1753121494424
            },
            "level": "info",
            "subcategory": "network"
        },
        {
            "value": {
                "data": {
                    "os_eval_scope": 281,
                    "os_main": 364,
                    "in.juspay.hyperupi": {
                        "ready": 1693,
                        "gettingblockmjos": 1,
                        "attaching": 2,
                        "checkandloadfiles": 2,
                        "createhooks": 0
                    },
                    "mjos_download": 23,
                    "onmerchantevent": 304,
                    "in.juspay.hyperapi": {
                        "ready": 143,
                        "gettingblockmjos": 4,
                        "attaching": 4,
                        "checkandloadfiles": 6,
                        "createhooks": 3
                    },
                    "os_loadjosconfig": 5,
                    "postconfig": 272,
                    "in.juspay.inappupi": {
                        "ready": 1943,
                        "gettingblockmjos": 0,
                        "attaching": 2348,
                        "checkandloadfiles": 2,
                        "createhooks": 0
                    },
                    "in.juspay.ec": {
                        "ready": 591,
                        "gettingblockmjos": 0,
                        "attaching": 9,
                        "checkandloadfiles": 5,
                        "createhooks": 0
                    },
                    "waitfordevicename": 0
                }
            },
            "os": "android",
            "level": "debug",
            "subcategory": "system"
        },
        {
            "value": {
                "data": {
                    "os_eval_scope": 281,
                    "os_main": 364,
                    "in.juspay.hyperupi": {
                        "ready": 1693,
                        "gettingblockmjos": 1,
                        "attaching": 2,
                        "checkandloadfiles": 2,
                        "createhooks": 0
                    },
                    "mjos_download": 23,
                    "onmerchantevent": 304,
                    "in.juspay.hyperapi": {
                        "ready": 143,
                        "gettingblockmjos": 4,
                        "attaching": 4,
                        "checkandloadfiles": 6,
                        "createhooks": 3
                    },
                    "os_loadjosconfig": 5,
                    "postconfig": 272,
                    "in.juspay.inappupi": {
                        "ready": 1943,
                        "gettingblockmjos": 0,
                        "attaching": 2348,
                        "checkandloadfiles": 2,
                        "createhooks": 0
                    },
                    "in.juspay.ec": {
                        "ready": 591,
                        "gettingblockmjos": 0,
                        "attaching": 9,
                        "checkandloadfiles": 5,
                        "createhooks": 0
                    },
                    "waitfordevicename": 0
                }
            },
            "os": "android",
            "level": "debug",
            "subcategory": "system"
        },
        {
            "value": {
                "response": "{\"merchantPayload\":{\"pendingTransactions\":[],\"count\":0},\"status\":\"SUCCESS\",\"responseMessage\":\"SUCCESS\",\"merchantPayloadSignature\":\"5337665fc294bcb9bdb446e6c414bef735615d13700d73fd6aed8ce3cc5c6867d4e7850c5706631900ee08fe2317c329917df136a0318b216d00f85b780a596f1e4003e449e4af9be067c83f9c4c8fc52944c207438937c0a15b8076cd5e3facc1d67bc4fa3784853b6154f73c29c1418eb34fea6f9767df044c40ead0aa72104c8a40daea775252519f1e341462d197390c58295abd3b1c6772d38e54df98c4c89b448fd88c40f8743dcfc87041d0d84163bdd91353202d1d79867a3925bcd257f7b6e9c9cab96be94d8831c8f6a09281782ace8b1c8229d016430d62815bbe006752033c4079e674ead062e0c12760b3e885b39c6f02d4822fa57c79888449\",\"responseCode\":\"SUCCESS\",\"sdkPayloadSignature\":\"\",\"sdkChecksum\":\"d0157effb8208f0350920efe3082667e1196a29696ecef5fa5168f0749aa7531\",\"sdkPayload\":{},\"udfParameters\":\"{}\"}",
                "method": "POST",
                "url": "https://endpoint/transactions/pending",
                "status_code": 200,
                "payload": "{\"udfParameters\":\"{}\",\"offset\":0,\"merchantId\":\"merchantX\",\"merchantCustomerId\":\"[REDACTED]\",\"merchantChannelId\":\"merchantXAPP\",\"limit\":100,\"checksum\":\"95c3d1f0fd8afcb2ff2502c11ade9dc33dc08e76885b265e67909a9b219fa2a5\"}",
                "api_tag": "tag4",
                "end_time": 1753121494528,
                "start_time": 1753121494424
            },
            "level": "info",
            "subcategory": "network"
        },
        {
            "value": {
                "payload": {
                    "payload": {
                        "requestID": "80e674de-d62e-45f8-9b78-6b5c5e3d02d5"
                    },
                    "event": "hide_loader"
                }
            },
            "level": "info",
            "subcategory": "hypersdk"
        },
        {
            "value": {
                "ended": {
                    "errorMessage": "",
                    "requestId": "80e674de-d62e-45f8-9b78-6b5c5e3d02d5",
                    "service": "in.juspay.hyperapi",
                    "payload": {
                        "status": "SUCCESS",
                        "count": 0,
                        "action": "upiListPendingTransactions",
                        "udfParameters": "{}",
                        "pendingTransactions": []
                    },
                    "errorCode": "",
                    "event": "process_result",
                    "error": false
                }
            },
            "level": "info",
            "subcategory": "hypersdk"
        },
        {
            "value": {
                "ended": {
                    "errorMessage": "",
                    "requestId": "80e674de-d62e-45f8-9b78-6b5c5e3d02d5",
                    "service": "in.juspay.ec",
                    "payload": {
                        "status": "SUCCESS",
                        "count": 0,
                        "action": "upiListPendingTransactions",
                        "udfParameters": "{}",
                        "pendingTransactions": []
                    },
                    "errorCode": "",
                    "error": false
                }
            },
            "os": "android",
            "level": "info",
            "subcategory": "microapp"
        },
        {
            "value": {
                "loader": "hide",
                "disableLoader": false,
                "forceLoader": false,
                "merchantLoader": true
            },
            "os": "android",
            "level": "info",
            "subcategory": "system"
        },
        {
            "value": {
                "isInitialised()": {
                    "sdkState": "INITIATE_COMPLETED",
                    "isInitialised": true
                }
            },
            "level": "info",
            "subcategory": "hypersdk"
        },
        {
            "value": {
                "called_and_started": {
                    "requestId": "1d187a2f-e024-4d81-b15b-bea6abcbdf27",
                    "service": "in.juspay.hyperapi",
                    "payload": {
                        "signaturePayload": "[REDACTED]",
                        "offset": "0",
                        "status": "PENDING",
                        "limit": "100",
                        "action": "upiListMandate",
                        "protected": "[REDACTED]",
                        "signature": "[REDACTED]"
                    }
                }
            },
            "level": "info",
            "subcategory": "hypersdk"
        },
        {
            "value": {
                "started": {
                    "requestId": "1d187a2f-e024-4d81-b15b-bea6abcbdf27",
                    "service": "in.juspay.hyperapi",
                    "payload": {
                        "signaturePayload": "[REDACTED]",
                        "offset": "0",
                        "status": "PENDING",
                        "limit": "100",
                        "action": "upiListMandate",
                        "protected": "[REDACTED]",
                        "signature": "[REDACTED]"
                    }
                }
            },
            "level": "info",
            "subcategory": "hypersdk"
        },
        {
            "value": {
                "main_thread_handover": 23
            },
            "level": "debug",
            "subcategory": "hypersdk"
        },
        {
            "value": {
                "method": "POST",
                "url": "https://endpoint/mandates/list",
                "options": "{}",
                "payload": "{\"udfParameters\":\"{}\",\"status\":\"PENDING\",\"offset\":\"0\",\"merchantId\":\"merchantX\",\"merchantCustomerId\":\"[REDACTED]\",\"merchantChannelId\":\"merchantXAPP\",\"limit\":\"100\",\"checksum\":\"60657ff93bab9c2d21a6d0cefc4b75771752e9142b1360bda9f5d642da518122\"}",
                "start_time": 1753121494668
            },
            "level": "info",
            "subcategory": "network"
        },
        {
            "value": {
                "method": "POST",
                "url": "https://endpoint/mandates/list",
                "payload": null,
                "api_tag": "tag5",
                "start_time": 1753121494669
            },
            "level": "info",
            "subcategory": "network"
        },
        {
            "value": {
                "started": {
                    "requestId": "1d187a2f-e024-4d81-b15b-bea6abcbdf27",
                    "service": "in.juspay.hyperapi",
                    "payload": {
                        "currentActivityId": "50f21767-010e-48e8-ad19-4d229029f673",
                        "signaturePayload": "[REDACTED]",
                        "processStartedTime": 1753121494554,
                        "offset": "0",
                        "merchant_root_view": "16908290",
                        "status": "PENDING",
                        "limit": "100",
                        "action": "upiListMandate",
                        "protected": "[REDACTED]",
                        "signature": "[REDACTED]",
                        "merchant_keyboard_mode": 16
                    }
                }
            },
            "os": "android",
            "level": "info",
            "subcategory": "system"
        },
        {
            "value": {
                "client_id": "merchantX"
            },
            "os": "android",
            "level": "info",
            "subcategory": "payment"
        },
        {
            "value": {
                "started": {
                    "requestId": "1d187a2f-e024-4d81-b15b-bea6abcbdf27",
                    "service": "in.juspay.ec",
                    "payload": {
                        "currentActivityId": "50f21767-010e-48e8-ad19-4d229029f673",
                        "signaturePayload": "[REDACTED]",
                        "processStartedTime": 1753121494554,
                        "offset": "0",
                        "merchant_root_view": "16908290",
                        "status": "PENDING",
                        "limit": "100",
                        "lifecycleId": "sdk:[REDACTED]/os:56cfaeff-00c0-4585-9fe7-ed0b55ce2a07",
                        "action": "upiListMandate",
                        "protected": "[REDACTED]",
                        "signature": "[REDACTED]",
                        "merchant_keyboard_mode": 16
                    }
                }
            },
            "os": "android",
            "level": "info",
            "subcategory": "microapp"
        },
        {
            "value": {
                "order_id": "",
                "client_id": "merchantX",
                "merchant_id": ""
            },
            "os": "android",
            "level": "info",
            "subcategory": "device"
        },
        {
            "value": {
                "response": "{\"status\":\"SUCCESS\",\"responseMessage\":\"SUCCESS\",\"responseCode\":\"SUCCESS\",\"payload\":{\"merchantChannelId\":\"merchantXAPP\",\"merchantId\":\"merchantX\",\"mandates\":[],\"merchantCustomerId\":\"[REDACTED]\"},\"sdkChecksum\":\"f5af60b73e18024af5b5a253dc805ebc7a3eca61315e21bca3c5bddbe678cfcc\",\"udfParameters\":\"{}\"}",
                "method": "POST",
                "url": "https://endpoint/mandates/list",
                "status_code": 200,
                "payload": "{\"udfParameters\":\"{}\",\"status\":\"PENDING\",\"offset\":\"0\",\"merchantId\":\"merchantX\",\"merchantCustomerId\":\"[REDACTED]\",\"merchantChannelId\":\"merchantXAPP\",\"limit\":\"100\",\"checksum\":\"60657ff93bab9c2d21a6d0cefc4b75771752e9142b1360bda9f5d642da518122\"}",
                "api_tag": "tag5",
                "end_time": 1753121494771,
                "start_time": 1753121494669
            },
            "level": "info",
            "subcategory": "network"
        },
        {
            "value": {
                "payload": {
                    "payload": {
                        "requestID": "1d187a2f-e024-4d81-b15b-bea6abcbdf27"
                    },
                    "event": "hide_loader"
                }
            },
            "level": "info",
            "subcategory": "hypersdk"
        },
        {
            "value": {
                "ended": {
                    "errorMessage": "",
                    "requestId": "1d187a2f-e024-4d81-b15b-bea6abcbdf27",
                    "service": "in.juspay.hyperapi",
                    "payload": {
                        "status": "SUCCESS",
                        "responseMessage": "SUCCESS",
                        "action": "upiListMandate",
                        "mandateList": [],
                        "udfParameters": "{}",
                        "responseCode": "SUCCESS"
                    },
                    "errorCode": "",
                    "event": "process_result",
                    "error": false
                }
            },
            "level": "info",
            "subcategory": "hypersdk"
        },
        {
            "value": {
                "ended": {
                    "errorMessage": "",
                    "requestId": "1d187a2f-e024-4d81-b15b-bea6abcbdf27",
                    "service": "in.juspay.ec",
                    "payload": {
                        "status": "SUCCESS",
                        "responseMessage": "SUCCESS",
                        "action": "upiListMandate",
                        "mandateList": [],
                        "udfParameters": "{}",
                        "responseCode": "SUCCESS"
                    },
                    "errorCode": "",
                    "error": false
                }
            },
            "os": "android",
            "level": "info",
            "subcategory": "microapp"
        },
        {
            "value": {
                "loader": "hide",
                "disableLoader": false,
                "forceLoader": false,
                "merchantLoader": true
            },
            "os": "android",
            "level": "info",
            "subcategory": "system"
        },
        {
            "value": {
                "data": {
                    "os_eval_scope": 281,
                    "os_main": 364,
                    "in.juspay.hyperupi": {
                        "ready": 1693,
                        "gettingblockmjos": 1,
                        "attaching": 2,
                        "checkandloadfiles": 2,
                        "createhooks": 0
                    },
                    "mjos_download": 23,
                    "onmerchantevent": 678,
                    "in.juspay.hyperapi": {
                        "ready": 143,
                        "gettingblockmjos": 4,
                        "attaching": 4,
                        "checkandloadfiles": 6,
                        "createhooks": 3
                    },
                    "os_loadjosconfig": 5,
                    "postconfig": 272,
                    "in.juspay.inappupi": {
                        "ready": 1943,
                        "gettingblockmjos": 0,
                        "attaching": 2348,
                        "checkandloadfiles": 2,
                        "createhooks": 0
                    },
                    "in.juspay.ec": {
                        "ready": 591,
                        "gettingblockmjos": 0,
                        "attaching": 9,
                        "checkandloadfiles": 5,
                        "createhooks": 0
                    },
                    "waitfordevicename": 0
                }
            },
            "os": "android",
            "level": "debug",
            "subcategory": "system"
        },
        {
            "value": {
                "data": {
                    "os_eval_scope": 281,
                    "os_main": 364,
                    "in.juspay.hyperupi": {
                        "ready": 1693,
                        "gettingblockmjos": 1,
                        "attaching": 2,
                        "checkandloadfiles": 2,
                        "createhooks": 0
                    },
                    "mjos_download": 23,
                    "onmerchantevent": 678,
                    "in.juspay.hyperapi": {
                        "ready": 143,
                        "gettingblockmjos": 4,
                        "attaching": 4,
                        "checkandloadfiles": 6,
                        "createhooks": 3
                    },
                    "os_loadjosconfig": 5,
                    "postconfig": 272,
                    "in.juspay.inappupi": {
                        "ready": 1943,
                        "gettingblockmjos": 0,
                        "attaching": 2348,
                        "checkandloadfiles": 2,
                        "createhooks": 0
                    },
                    "in.juspay.ec": {
                        "ready": 591,
                        "gettingblockmjos": 0,
                        "attaching": 9,
                        "checkandloadfiles": 5,
                        "createhooks": 0
                    },
                    "waitfordevicename": 0
                }
            },
            "os": "android",
            "level": "debug",
            "subcategory": "system"
        },
        {
            "value": {
                "hyperupi_bundle_load": {
                    "bundle_load_latency": 232,
                    "bundle_load_end": 1753121491315,
                    "bundle_load_start": 1753121491083
                }
            },
            "os": "android",
            "level": "info",
            "subcategory": "hypersdk"
        },
        {
            "value": {
                "started": {
                    "requestId": "e2505d04-a102-473d-921b-1363bbf85329",
                    "service": "in.juspay.hyperupi",
                    "payload": {
                        "authExpiry": null,
                        "merchantId": null,
                        "customerId": null,
                        "customerMobileNumber": null,
                        "environment": "production",
                        "clientId": "merchantX",
                        "signaturePayload": null,
                        "merchantKeyId": null,
                        "extendedCustomerId": null,
                        "enableJwsAuth": true,
                        "simId": null,
                        "remarks": null,
                        "theme": "dark",
                        "action": "initiate",
                        "merchantLoader": true,
                        "protected": null,
                        "getSessionData": null,
                        "signature": null,
                        "statusScreenDuration": null,
                        "apkVersion": null,
                        "upiEnvironment": null,
                        "clientAuthToken": null
                    },
                    "lifeCycleId": null
                }
            },
            "os": "android",
            "level": "info",
            "subcategory": "microapp"
        },
        {
            "value": {
                "err_msg": null,
                "status": "SUCCESS",
                "flow_config": {
                    "requestMoneyVerifiedLimit": 100000,
                    "issuingPsp": "AXIS_BIZ",
                    "autoExitStatus": false,
                    "bindingVariantSupported": "SMS",
                    "triggerSTRInInitiate": false,
                    "showSuccessOnboardingStatus": false,
                    "maskingVpaRegex": ".(?=(.*)..@)",
                    "requestMoneyLimit": 2000,
                    "liteAccountBalanceLimit": 5000,
                    "bankCodesForAutoLinkingProd": [
                        "508548",
                        "607152",
                        "508534",
                        "607153",
                        "[REDACTED]"
                    ],
                    "enableAutoLinkingOfAccounts": true,
                    "maskingDataRegex": ".(?=..)",
                    "showLinkedAccScreenInGetBankList": false,
                    "getCardDetailsInCL": true,
                    "showInfoPopupInLinkedAccScreen": true,
                    "enableInAppUpiPayment": true,
                    "enableOutage": false,
                    "intentLimit": 2000,
                    "showConfirmationPopup": false,
                    "enableLazyLoading": true,
                    "allowOneClickForTPV": true,
                    "showLinkedBankScreen": true,
                    "liteMaxTopupLimit": 5000,
                    "preSelectFetchedAccs": true,
                    "iccwLimit": 10000,
                    "bankCodesForAutoLinking": [
                        "500005",
                        "000000",
                        "500004",
                        "500007"
                    ],
                    "remarksMaxLength": 50,
                    "nonCreditMccs": [
                        "",
                        "0000",
                        "7407",
                        "7409",
                        "7408",
                        "6010",
                        "6211"
                    ],
                    "allowBindWithCustomerMobile": false,
                    "sendMoneyLimit": 100000,
                    "askPermissionAfterSimSelection": true,
                    "vpaHandleProd": "yespop",
                    "maskPIIData": false,
                    "maskingChar": "X",
                    "exitSDKMgmtOptions": [],
                    "enableMapper": false,
                    "scanPayLimit": 2000,
                    "upiInternationalEnabled": false,
                    "skipSetMpinFlowInOnboarding": false,
                    "maxVpaLength": 255,
                    "allowDeletingPrimaryVpa": true,
                    "consumeBackPressOnFirstScreen": true,
                    "enableAadhaar": true,
                    "useShimmer": false,
                    "enableDirectPayForSingleAccount": false,
                    "litePerTxnLimit": 1000,
                    "headless": false,
                    "outageRespExpiryInSecs": 10,
                    "liteMinTopupLimit": 1,
                    "enableExpressActivation": false,
                    "enableLite": true,
                    "logPerfTimeStamps": false,
                    "enableUPIRegistration": true,
                    "useP2mSdk": false,
                    "apiLoaderDelayInMs": 0,
                    "remarksRegex": "^[a-zA-Z0-9 ]*$",
                    "vpaHandleSbx": "yespop",
                    "enableThirdPartyValidation": true,
                    "enableMobileVerifiedIfLinked": false,
                    "allowSelfVpaForSendMoney": false,
                    "minVpaLength": 3,
                    "enableMandateCreation": true,
                    "errorVersion": "v1",
                    "useJuspayLoader": true,
                    "maxPermissionTries": 2,
                    "enableMandateCreationP2P": true,
                    "allowSelfVpaForRequestMoney": false,
                    "enableVerifyUrlSignature": false,
                    "showScreenForOneBank": true,
                    "enableCheckpointAfterDeregister": false,
                    "vpaRegex": "^(?![-.])[a-z0-9A-Z-.]*(?<![-.])$",
                    "showUiBeforeAskingForPermission": true,
                    "delayInOnboardingAndPay": -1,
                    "filterOutAccType": [
                        "upicredit"
                    ],
                    "allowPayTxnsInParallelOfCL": true
                }
            },
            "os": "android",
            "level": "info",
            "subcategory": "system"
        },
        {
            "value": {
                "ended": {
                    "errorMessage": "",
                    "requestId": "e2505d04-a102-473d-921b-1363bbf85329",
                    "service": "in.juspay.hyperupi",
                    "payload": {},
                    "errorCode": "",
                    "event": "",
                    "error": false
                }
            },
            "os": "android",
            "level": "info",
            "subcategory": "microapp"
        },
        {
            "value": {
                "inappupi_bundle_load": {
                    "bundle_load_latency": 38,
                    "bundle_load_end": 1753121492221,
                    "bundle_load_start": 1753121492183
                }
            },
            "os": "android",
            "level": "info",
            "subcategory": "hypersdk"
        },
        {
            "value": {
                "started": {
                    "requestId": "e2505d04-a102-473d-921b-1363bbf85329",
                    "service": "in.juspay.inappupi",
                    "payload": "{\"requestId\":\"e2505d04-a102-473d-921b-1363bbf85329\",\"service\":\"in.juspay.inappupi\",\"theme\":\"dark\",\"payload\":{\"action\":\"initiate\",\"clientId\":\"merchantX\",\"environment\":\"production\",\"issuingPsp\":\"YES_BIZ\",\"enableJwsAuth\":true,\"merchantLoader\":true,\"theme\":\"dark\",\"initiateStartedTime\":1753121488642,\"currentActivityId\":\"50f21767-010e-48e8-ad19-4d229029f673\",\"lifecycleId\":\"sdk:[REDACTED]/os:6df3d9e2-7716-4615-98a7-fb43bef64bc5\"},\"service_based\":true,\"use_local_assets\":false,\"sdkName\":\"godel\",\"sdkVersion\":\"2.2.1\",\"lifecycleId\":\"sdk:[REDACTED]/os:6df3d9e2-7716-4615-98a7-fb43bef64bc5\"}"
                }
            },
            "os": "android",
            "level": "info",
            "subcategory": "microapp"
        },
        {
            "value": {
                "err_msg": null,
                "status": "SUCCESS",
                "flowConfig": {
                    "sendUnlinkedAccsInSTR": null,
                    "showLoaderBeforeProcess": null,
                    "skipUpiSupportedTimeout": null,
                    "txnPrefix": "YJP",
                    "issuingPsp": "YES_BIZ",
                    "isDebugLogs": null,
                    "maskingVpaRegex": null,
                    "enableSdkAndAppVersionInGst": true,
                    "cacheSetRetryDelayInMs": null,
                    "enableEulerHeadCall": null,
                    "bankNameSmsRegex": null,
                    "authExpiryInMins": null,
                    "merchantName": null,
                    "maskingDataRegex": null,
                    "eulerAuthExpiryInMins": null,
                    "cacheRetryDelayInMs": null,
                    "geocodeEnabledOnStack": null,
                    "sendJuspayBankCodesInSTR": null,
                    "processConfig": null,
                    "forceOtpVerificationInBinding": true,
                    "basicRetryDelayInMs": null,
                    "actionsRestricted": null,
                    "enableOutage": null,
                    "authCallbackPollingInSecs": 2,
                    "limits": null,
                    "smsStatusPollingDurationInMs": null,
                    "vpaAccsExpiryInMins": null,
                    "shouldByPassChecksumForS2S": null,
                    "clRetries": null,
                    "enableBasicRetry": null,
                    "accNoSmsRegex": null,
                    "tokenValidityDaysInMS": null,
                    "otpReadPollingTimeInMs": null,
                    "bankListMapperExpiry": null,
                    "isSupportedFeaturesInSTR": null,
                    "sendSms1on1": null,
                    "findAccsFromSms": null,
                    "subErrorMessage": null,
                    "cacheRetryCount": null,
                    "cacheSetRetryCount": null,
                    "shouldByPassSignatureForS2S": null,
                    "prepIntegrityTryCount": null,
                    "sendSms1on1OS": null,
                    "tknExpiryInMins": null,
                    "maskPIIData": null,
                    "maskingChar": null,
                    "ignoredFeatureFlags": null,
                    "processPoolLimits": null,
                    "headCallUrls": null,
                    "allowUpiSupportedCheck": null,
                    "enableOtpVerificationInBinding": null,
                    "basicRetryCount": null,
                    "bindingPollingTimeInMs": null,
                    "smsStatusPollingIntervalInMs": null,
                    "enableOrderUpdate": null,
                    "applyCredOffers": null,
                    "allowForceBinding": true,
                    "logPerfTimeStamps": null,
                    "enablePSPHeadCall": null,
                    "collectExpiryMins": null,
                    "allowBindingOn": null,
                    "enableSuggestedAccsInBind": null,
                    "credAnimationLoaderDelayInMS": null,
                    "remarksRegex": null,
                    "upiStackVersion": null,
                    "geocodeEnabledOnApi": null,
                    "useCompleteSenderId": null,
                    "merchantDisplayName": null,
                    "errorVersion": null,
                    "maxVpasAllowed": null,
                    "npciKeyExpiryInMins": null,
                    "offersCacheExpiryInMins": null,
                    "authCallbackTimeoutInMins": null,
                    "validateSMSInboxForBinding": null,
                    "packagePrefix": null,
                    "getLiteBalanceInGst": null,
                    "requestIntegrityTokenTryCount": null,
                    "otpSenderIds": null,
                    "allowOneToOneMapping": null,
                    "customUserError": null,
                    "readSmsLimitInDays": null
                }
            },
            "os": "android",
            "level": "info",
            "subcategory": "system"
        },
        {
            "value": {
                "Latency": {
                    "latency": 63,
                    "latency_sub_ms": 63.20000000111759,
                    "action": "initiate",
                    "end_time": 1753121492445,
                    "start_time": 1753121492382
                }
            },
            "os": "android",
            "level": "info",
            "subcategory": "system"
        },
        {
            "value": {
                "ended": {
                    "errorMessage": "",
                    "requestId": "e2505d04-a102-473d-921b-1363bbf85329",
                    "service": "in.juspay.inappupi",
                    "payload": "{\"status\":\"success\",\"action\":\"initiate\"}",
                    "errorCode": "",
                    "error": false
                }
            },
            "os": "android",
            "level": "info",
            "subcategory": "microapp"
        },
        {
            "value": {
                "started": {
                    "requestId": "2cc25f11-eb6a-4e53-ab67-c840676b0d84",
                    "service": "in.juspay.inappupi",
                    "payload": "{\"service\":\"in.juspay.inappupi\",\"requestId\":\"2cc25f11-eb6a-4e53-ab67-c840676b0d84\",\"payload\":{\"action\":\"upiCheckPermission\",\"merchant_root_view\":\"16908290\",\"merchant_keyboard_mode\":272,\"processStartedTime\":1753121490570,\"currentActivityId\":\"50f21767-010e-48e8-ad19-4d229029f673\",\"lifecycleId\":\"sdk:[REDACTED]/os:e2693982-5585-4fcb-8fa5-33ab0b7f2dc9\"},\"lifecycleId\":\"sdk:[REDACTED]/os:e2693982-5585-4fcb-8fa5-33ab0b7f2dc9\"}"
                }
            },
            "os": "android",
            "level": "info",
            "subcategory": "microapp"
        },
        {
            "value": {
                "started": {
                    "requestId": "2cc25f11-eb6a-4e53-ab67-c840676b0d84",
                    "service": "in.juspay.inappupi",
                    "payload": {
                        "permission": null,
                        "action": "upiCheckPermission"
                    },
                    "lifeCycleId": null
                }
            },
            "os": "android",
            "level": "info",
            "subcategory": "microapp"
        },
        {
            "value": {
                "err_msg": null,
                "status": "SUCCESS",
                "flowConfig": {
                    "sendUnlinkedAccsInSTR": null,
                    "showLoaderBeforeProcess": null,
                    "skipUpiSupportedTimeout": null,
                    "txnPrefix": "YJP",
                    "issuingPsp": "YES_BIZ",
                    "isDebugLogs": null,
                    "maskingVpaRegex": null,
                    "enableSdkAndAppVersionInGst": true,
                    "cacheSetRetryDelayInMs": null,
                    "enableEulerHeadCall": null,
                    "bankNameSmsRegex": null,
                    "authExpiryInMins": null,
                    "merchantName": null,
                    "maskingDataRegex": null,
                    "eulerAuthExpiryInMins": null,
                    "cacheRetryDelayInMs": null,
                    "geocodeEnabledOnStack": null,
                    "sendJuspayBankCodesInSTR": null,
                    "processConfig": null,
                    "forceOtpVerificationInBinding": true,
                    "basicRetryDelayInMs": null,
                    "actionsRestricted": null,
                    "enableOutage": null,
                    "authCallbackPollingInSecs": 2,
                    "limits": null,
                    "smsStatusPollingDurationInMs": null,
                    "vpaAccsExpiryInMins": null,
                    "shouldByPassChecksumForS2S": null,
                    "clRetries": null,
                    "enableBasicRetry": null,
                    "accNoSmsRegex": null,
                    "tokenValidityDaysInMS": null,
                    "otpReadPollingTimeInMs": null,
                    "bankListMapperExpiry": null,
                    "isSupportedFeaturesInSTR": null,
                    "sendSms1on1": null,
                    "findAccsFromSms": null,
                    "subErrorMessage": null,
                    "cacheRetryCount": null,
                    "cacheSetRetryCount": null,
                    "shouldByPassSignatureForS2S": null,
                    "prepIntegrityTryCount": null,
                    "sendSms1on1OS": null,
                    "tknExpiryInMins": null,
                    "maskPIIData": null,
                    "maskingChar": null,
                    "ignoredFeatureFlags": null,
                    "processPoolLimits": null,
                    "headCallUrls": null,
                    "allowUpiSupportedCheck": null,
                    "enableOtpVerificationInBinding": null,
                    "basicRetryCount": null,
                    "bindingPollingTimeInMs": null,
                    "smsStatusPollingIntervalInMs": null,
                    "enableOrderUpdate": null,
                    "applyCredOffers": null,
                    "allowForceBinding": true,
                    "logPerfTimeStamps": null,
                    "enablePSPHeadCall": null,
                    "collectExpiryMins": null,
                    "allowBindingOn": null,
                    "enableSuggestedAccsInBind": null,
                    "credAnimationLoaderDelayInMS": null,
                    "remarksRegex": null,
                    "upiStackVersion": null,
                    "geocodeEnabledOnApi": null,
                    "useCompleteSenderId": null,
                    "merchantDisplayName": null,
                    "errorVersion": null,
                    "maxVpasAllowed": null,
                    "npciKeyExpiryInMins": null,
                    "offersCacheExpiryInMins": null,
                    "authCallbackTimeoutInMins": null,
                    "validateSMSInboxForBinding": null,
                    "packagePrefix": null,
                    "getLiteBalanceInGst": null,
                    "requestIntegrityTokenTryCount": null,
                    "otpSenderIds": null,
                    "allowOneToOneMapping": null,
                    "customUserError": null,
                    "readSmsLimitInDays": null
                }
            },
            "os": "android",
            "level": "info",
            "subcategory": "system"
        },
        {
            "value": {
                "title": "BOUND_DEVICE_ID",
                "value": {
                    "isKeyFound": false,
                    "action": "GET"
                }
            },
            "os": "android",
            "level": "info",
            "subcategory": "system"
        },
        {
            "value": {
                "ended": {
                    "errorMessage": "",
                    "requestId": "2cc25f11-eb6a-4e53-ab67-c840676b0d84",
                    "service": "in.juspay.inappupi",
                    "payload": {
                        "permissions": [
                            {
                                "label": "android.permission.SEND_SMS",
                                "status": "GRANTED"
                            },
                            {
                                "label": "android.permission.READ_PHONE_STATE",
                                "status": "GRANTED"
                            },
                            {
                                "label": "android.permission.RECEIVE_SMS",
                                "status": "GRANTED"
                            },
                            {
                                "label": "android.permission.READ_SMS",
                                "status": "GRANTED"
                            }
                        ],
                        "status": "SUCCESS",
                        "action": "upiCheckPermission"
                    },
                    "errorCode": "",
                    "event": "process_result",
                    "error": false
                }
            },
            "os": "android",
            "level": "info",
            "subcategory": "microapp"
        },
        {
            "value": {
                "Latency": {
                    "latency": 739,
                    "latency_sub_ms": 739,
                    "action": "upiCheckPermission",
                    "end_time": 1753121493533,
                    "start_time": 1753121492794
                }
            },
            "os": "android",
            "level": "info",
            "subcategory": "system"
        },
        {
            "value": {
                "ended": {
                    "errorMessage": "",
                    "requestId": "2cc25f11-eb6a-4e53-ab67-c840676b0d84",
                    "service": "in.juspay.inappupi",
                    "payload": "{\"status\":\"SUCCESS\",\"permissions\":[{\"status\":\"GRANTED\",\"label\":\"android.permission.SEND_SMS\"},{\"status\":\"GRANTED\",\"label\":\"android.permission.READ_PHONE_STATE\"},{\"status\":\"GRANTED\",\"label\":\"android.permission.RECEIVE_SMS\"},{\"status\":\"GRANTED\",\"label\":\"android.permission.READ_SMS\"}],\"action\":\"upiCheckPermission\"}",
                    "errorCode": "",
                    "error": false
                }
            },
            "os": "android",
            "level": "info",
            "subcategory": "microapp"
        },
        {
            "value": {
                "title": "IS_UPI_SUPPORTED_INFO",
                "value": "{\"latency\":1183.199999999255,\"isUpiSupported\":\"true\"}"
            },
            "os": "android",
            "level": "info",
            "subcategory": "system"
        },
        {
            "value": {
                "started": {
                    "requestId": "d899cf6d-f188-4543-a9b1-adb08d55e97d",
                    "service": "in.juspay.inappupi",
                    "payload": "{\"service\":\"in.juspay.inappupi\",\"requestId\":\"d899cf6d-f188-4543-a9b1-adb08d55e97d\",\"payload\":{\"action\":\"upiGetSessionToken\",\"signature\":\"signatureValue\",\"signaturePayload\":\"signaturePayloadValue\",\"protected\":\"protectedKey\",\"merchant_root_view\":\"16908290\",\"merchant_keyboard_mode\":16,\"processStartedTime\":1753121493571,\"currentActivityId\":\"50f21767-010e-48e8-ad19-4d229029f673\",\"lifecycleId\":\"sdk:[REDACTED]/os:15a4db86-9ce9-499c-9e4a-f14b2f2cfc4b\"},\"lifecycleId\":\"sdk:[REDACTED]/os:15a4db86-9ce9-499c-9e4a-f14b2f2cfc4b\"}"
                }
            },
            "os": "android",
            "level": "info",
            "subcategory": "microapp"
        },
        {
            "value": {
                "started": {
                    "requestId": "d899cf6d-f188-4543-a9b1-adb08d55e97d",
                    "service": "in.juspay.inappupi",
                    "payload": {
                        "skipResponse": null,
                        "customerId": null,
                        "customerMobileNumber": null,
                        "signaturePayload": "[REDACTED]",
                        "getUnlinkedStatus": null,
                        "merchantKeyId": null,
                        "extendedCustomerId": null,
                        "simId": null,
                        "orderId": null,
                        "action": "upiGetSessionToken",
                        "protected": "[REDACTED]",
                        "shouldForceSync": null,
                        "udfParameters": null,
                        "signature": "[REDACTED]",
                        "allowedAccountTypes": null,
                        "amount": null,
                        "clientAuthToken": null,
                        "encryptedCustomerPhone": null
                    },
                    "lifeCycleId": null
                }
            },
            "os": "android",
            "level": "info",
            "subcategory": "microapp"
        },
        {
            "value": {
                "title": "CUSTOMER_ID",
                "value": {
                    "isKeyFound": true,
                    "retryCount": 1,
                    "action": "GET"
                }
            },
            "os": "android",
            "level": "info",
            "subcategory": "system"
        },
        {
            "value": {
                "title": "PREV_CUSTOMER_ID",
                "value": "[REDACTED]"
            },
            "os": "android",
            "level": "info",
            "subcategory": "system"
        },
        {
            "value": {
                "title": "VPA_ACCS",
                "value": {
                    "isKeyFound": true,
                    "retryCount": 1,
                    "action": "GET"
                }
            },
            "os": "android",
            "level": "info",
            "subcategory": "system"
        },
        {
            "value": {
                "title": "OB_STATUS",
                "value": {
                    "isKeyFound": true,
                    "retryCount": 1,
                    "action": "GET"
                }
            },
            "os": "android",
            "level": "info",
            "subcategory": "system"
        },
        {
            "value": {
                "title": "PSP_SESSION_TKN",
                "value": {
                    "isKeyFound": true,
                    "retryCount": 1,
                    "action": "GET"
                }
            },
            "os": "android",
            "level": "info",
            "subcategory": "system"
        },
        {
            "value": {
                "title": "CACHE_VALIDITY",
                "value": "{ expiryType: \"HARD_EXPIRED\", key: \"PSP_SESSION_TKN\", validFor: -1.0 }"
            },
            "os": "android",
            "level": "info",
            "subcategory": "system"
        },
        {
            "value": {
                "title": "AUTH_STATUS",
                "value": {
                    "key": "PSP_SESSION_TKN",
                    "expiryType": "HARD_EXPIRED",
                    "cachedAtTs": 1753120679715,
                    "extra": "GST Forked",
                    "vpaAccsCachedAtTs": 1753120679715
                }
            },
            "os": "android",
            "level": "info",
            "subcategory": "system"
        },
        {
            "value": {
                "title": "BOUND_SIM_SERIAL_NO",
                "value": {
                    "isKeyFound": true,
                    "retryCount": 1,
                    "action": "GET"
                }
            },
            "os": "android",
            "level": "info",
            "subcategory": "system"
        },
        {
            "value": {
                "title": "SUGGESTED_ACCS",
                "value": {
                    "isKeyFound": true,
                    "retryCount": 1,
                    "action": "GET"
                }
            },
            "os": "android",
            "level": "info",
            "subcategory": "system"
        },
        {
            "value": {
                "title": "UPI_NUMBERS",
                "value": {
                    "isKeyFound": true,
                    "retryCount": 1,
                    "action": "GET"
                }
            },
            "os": "android",
            "level": "info",
            "subcategory": "system"
        },
        {
            "value": {
                "title": "SESSION_PARAMS_",
                "value": {
                    "isKeyFound": false,
                    "action": "GET"
                }
            },
            "os": "android",
            "level": "info",
            "subcategory": "system"
        },
        {
            "value": {
                "title": "CACHE_VALIDITY",
                "value": "{ expiryType: \"HARD_EXPIRED\", key: \"SESSION_PARAMS_\", validFor: -1.0 }"
            },
            "os": "android",
            "level": "info",
            "subcategory": "system"
        },
        {
            "value": {
                "title": "AUTH_STATUS",
                "value": {
                    "key": "SESSION_PARAMS_",
                    "expiryType": "HARD_EXPIRED",
                    "cachedAtTs": 0
                }
            },
            "os": "android",
            "level": "info",
            "subcategory": "system"
        },
        {
            "value": {
                "title": "CACHE_VALIDITY",
                "value": "{ expiryType: \"VALID\", key: \"AUTH_PD\", validFor: 1794606.0 }"
            },
            "os": "android",
            "level": "info",
            "subcategory": "system"
        },
        {
            "value": {
                "title": "AUTH_STATUS",
                "value": {
                    "key": "AUTH_PD",
                    "expiryType": "VALID",
                    "cachedAtTs": 1753121488353
                }
            },
            "os": "android",
            "level": "info",
            "subcategory": "system"
        },
        {
            "value": {
                "title": "mcc",
                "value": {
                    "isKeyFound": true,
                    "retryCount": 1,
                    "action": "GET"
                }
            },
            "os": "android",
            "level": "info",
            "subcategory": "system"
        },
        {
            "value": {
                "title": "NPCIKey",
                "value": {
                    "isKeyFound": true,
                    "retryCount": 1,
                    "action": "GET"
                }
            },
            "os": "android",
            "level": "info",
            "subcategory": "system"
        },
        {
            "value": {
                "title": "CACHE_VALIDITY",
                "value": "{ expiryType: \"VALID\", key: \"NPCIKey\", validFor: 81939425.0 }"
            },
            "os": "android",
            "level": "info",
            "subcategory": "system"
        },
        {
            "value": {
                "title": "CACHE_VALIDITY",
                "value": "{ expiryType: \"VALID\", key: \"VPA_ACCS\", validFor: 85585957.0 }"
            },
            "os": "android",
            "level": "info",
            "subcategory": "system"
        },
        {
            "value": {
                "title": "SESSION_PARAMS_",
                "value": {
                    "isKeyFound": false,
                    "action": "GET"
                }
            },
            "os": "android",
            "level": "info",
            "subcategory": "system"
        },
        {
            "value": {
                "title": "ACTIVE_LITE_ACCS",
                "value": {
                    "isKeyFound": true,
                    "retryCount": 1,
                    "action": "GET"
                }
            },
            "os": "android",
            "level": "info",
            "subcategory": "system"
        },
        {
            "value": {
                "title": "UPI_LITE_BALANCE",
                "value": {
                    "isKeyFound": false,
                    "action": "GET"
                }
            },
            "os": "android",
            "level": "info",
            "subcategory": "system"
        },
        {
            "value": {
                "title": "DEVICE_BOUND_TIME",
                "value": {
                    "isKeyFound": true,
                    "retryCount": 1,
                    "action": "GET"
                }
            },
            "os": "android",
            "level": "info",
            "subcategory": "system"
        },
        {
            "value": {
                "ended": {
                    "errorMessage": "",
                    "requestId": "d899cf6d-f188-4543-a9b1-adb08d55e97d",
                    "service": "in.juspay.inappupi",
                    "payload": {
                        "customerMobileNumber": "[REDACTED]",
                        "mcc": "7322",
                        "deviceBindStrategies": [
                            "SMS",
                            "SMS",
                            "SMS"
                        ],
                        "upiNumbers": [
                            {
                                "upiNumberStatus": "ACTIVE",
                                "vpa": "[REDACTED]",
                                "upiNumber": "7705930977"
                            }
                        ],
                        "status": "LINKED",
                        "isDeviceActivated": "true",
                        "vpaAccounts": [
                            {
                                "vpa": "[REDACTED]",
                                "account": {
                                    "ifsc": "PUNB0538300",
                                    "name": "RAJ PANDEY",
                                    "type": "SAVINGS",
                                    "branchName": "",
                                    "bankAccountUniqueId": "[REDACTED]",
                                    "mpinSet": "true",
                                    "bankCode": "[REDACTED]",
                                    "atmPinLength": "4",
                                    "supportedFeatures": {
                                        "recurrenceMandate": true,
                                        "upiCredit": true,
                                        "aadhaar": true,
                                        "fir": true,
                                        "emi": true,
                                        "liteOffline": true,
                                        "base": true,
                                        "nfs": true,
                                        "global": true,
                                        "ccBill": true,
                                        "clDynamicKeys": true,
                                        "voucherManagementSystem": true,
                                        "credit": false,
                                        "mandate": true,
                                        "lite": true
                                    },
                                    "mpinLength": "6",
                                    "referenceId": "[REDACTED]",
                                    "maskedAccountNumber": "XXXXXX8557",
                                    "isPrimary": "true",
                                    "bankName": "Punjab National Bank",
                                    "otpLength": "6"
                                }
                            }
                        ],
                        "action": "upiGetSessionToken",
                        "prefix": "YJP",
                        "isDeviceBound": "true",
                        "deviceFingerPrint": "46f4cffaf7bfb685cc8b5a48bf8b9f25178ec18fd9831228f3797a5be36b3adc"
                    },
                    "errorCode": "",
                    "event": "process_result",
                    "error": false
                }
            },
            "os": "android",
            "level": "info",
            "subcategory": "microapp"
        },
        {
            "value": {
                "Latency": {
                    "latency": 238,
                    "latency_sub_ms": 238.10000000149012,
                    "action": "upiGetSessionToken",
                    "end_time": 1753121493851,
                    "start_time": 1753121493613
                }
            },
            "os": "android",
            "level": "info",
            "subcategory": "system"
        },
        {
            "value": {
                "ended": {
                    "errorMessage": "",
                    "requestId": "d899cf6d-f188-4543-a9b1-adb08d55e97d",
                    "service": "in.juspay.inappupi",
                    "payload": "{\"vpaAccounts\":[{\"vpa\":\"[REDACTED]\",\"account\":{\"type\":\"SAVINGS\",\"supportedFeatures\":{\"voucherManagementSystem\":true,\"upiCredit\":true,\"recurrenceMandate\":true,\"nfs\":true,\"mandate\":true,\"liteOffline\":true,\"lite\":true,\"global\":true,\"fir\":true,\"emi\":true,\"credit\":false,\"clDynamicKeys\":true,\"ccBill\":true,\"base\":true,\"aadhaar\":true},\"referenceId\":\"[REDACTED]\",\"otpLength\":\"6\",\"name\":\"RAJ PANDEY\",\"mpinSet\":\"true\",\"mpinLength\":\"6\",\"maskedAccountNumber\":\"XXXXXX8557\",\"isPrimary\":\"true\",\"ifsc\":\"PUNB0538300\",\"branchName\":\"\",\"bankName\":\"Punjab National Bank\",\"bankCode\":\"[REDACTED]\",\"bankAccountUniqueId\":\"[REDACTED]\",\"atmPinLength\":\"4\"}}],\"upiNumbers\":[{\"vpa\":\"[REDACTED]\",\"upiNumberStatus\":\"ACTIVE\",\"upiNumber\":\"7705930977\"}],\"status\":\"LINKED\",\"prefix\":\"YJP\",\"mcc\":\"7322\",\"isDeviceBound\":\"true\",\"isDeviceActivated\":\"true\",\"deviceFingerPrint\":\"46f4cffaf7bfb685cc8b5a48bf8b9f25178ec18fd9831228f3797a5be36b3adc\",\"deviceBindStrategies\":[\"SMS\",\"SMS\",\"SMS\"],\"customerMobileNumber\":\"[REDACTED]\",\"action\":\"upiGetSessionToken\"}",
                    "errorCode": "",
                    "error": false
                }
            },
            "os": "android",
            "level": "info",
            "subcategory": "microapp"
        },
        {
            "value": {
                "started": {
                    "requestId": "80e674de-d62e-45f8-9b78-6b5c5e3d02d5",
                    "service": "in.juspay.inappupi",
                    "payload": {
                        "offset": 0,
                        "limit": 100,
                        "action": "upiListPendingTransactions",
                        "udfParameters": null
                    },
                    "lifeCycleId": null
                }
            },
            "os": "android",
            "level": "info",
            "subcategory": "microapp"
        },
        {
            "value": {
                "title": "CACHE_VALIDITY",
                "value": "{ expiryType: \"HARD_EXPIRED\", key: \"SESSION_PARAMS_\", validFor: -1.0 }"
            },
            "os": "android",
            "level": "info",
            "subcategory": "system"
        },
        {
            "value": {
                "title": "AUTH_STATUS",
                "value": {
                    "key": "SESSION_PARAMS_",
                    "expiryType": "HARD_EXPIRED",
                    "cachedAtTs": 0
                }
            },
            "os": "android",
            "level": "info",
            "subcategory": "system"
        },
        {
            "value": {
                "title": "CACHE_VALIDITY",
                "value": "{ expiryType: \"VALID\", key: \"AUTH_PD\", validFor: 1794380.0 }"
            },
            "os": "android",
            "level": "info",
            "subcategory": "system"
        },
        {
            "value": {
                "title": "AUTH_STATUS",
                "value": {
                    "key": "AUTH_PD",
                    "expiryType": "VALID",
                    "cachedAtTs": 1753121488353
                }
            },
            "os": "android",
            "level": "info",
            "subcategory": "system"
        },
        {
            "value": {
                "title": "CACHE_VALIDITY",
                "value": "{ expiryType: \"HARD_EXPIRED\", key: \"PSP_SESSION_TKN\", validFor: -1.0 }"
            },
            "os": "android",
            "level": "info",
            "subcategory": "system"
        },
        {
            "value": {
                "title": "AUTH_STATUS",
                "value": {
                    "key": "PSP_SESSION_TKN",
                    "expiryType": "HARD_EXPIRED",
                    "cachedAtTs": 1753120679715
                }
            },
            "os": "android",
            "level": "info",
            "subcategory": "system"
        },
        {
            "value": {
                "title": "CACHE_VALIDITY",
                "value": "{ expiryType: \"VALID\", key: \"NPCIKey\", validFor: 81939199.0 }"
            },
            "os": "android",
            "level": "info",
            "subcategory": "system"
        },
        {
            "value": {
                "latency": "233.40000000037253",
                "url": "https://endpoint/getSessionTokenV2"
            },
            "os": "android",
            "level": "info",
            "subcategory": "system"
        },
        {
            "value": {
                "title": "bankListMap",
                "value": {
                    "isKeyFound": true,
                    "retryCount": 1,
                    "action": "GET"
                }
            },
            "os": "android",
            "level": "info",
            "subcategory": "system"
        },
        {
            "value": {
                "title": "GST_API_RESP",
                "value": {
                    "status": "LINKED",
                    "isDeviceActivated": "true",
                    "suggestedAccounts": null,
                    "vpaAccounts": [
                        {
                            "vpa": "[REDACTED]",
                            "account": {
                                "ifsc": "PUNB0538300",
                                "name": "RAJ PANDEY",
                                "liteBalance": null,
                                "type": "SAVINGS",
                                "branchName": "",
                                "bankAccountHash": null,
                                "bankAccountUniqueId": "[REDACTED]",
                                "aadhaarEnabled": null,
                                "mpinSet": "true",
                                "bankCode": "[REDACTED]",
                                "allowedMCC": null,
                                "atmPinLength": "4",
                                "isInitialTopUpDone": null,
                                "supportedFeatures": {
                                    "recurrenceMandate": true,
                                    "upiCredit": true,
                                    "aadhaar": true,
                                    "fir": true,
                                    "emi": true,
                                    "liteOffline": true,
                                    "base": true,
                                    "nfs": true,
                                    "global": true,
                                    "ccBill": true,
                                    "clDynamicKeys": true,
                                    "voucherManagementSystem": true,
                                    "credit": false,
                                    "mandate": true,
                                    "lite": true
                                },
                                "notallowedMCC": null,
                                "mpinLength": "6",
                                "juspayBankCode": null,
                                "referenceId": "[REDACTED]",
                                "accSubType": null,
                                "maskedAccountNumber": "XXXXXX8557",
                                "isAadhaarNumberAvailable": null,
                                "lrn": null,
                                "isPrimary": "true",
                                "accountNumber": null,
                                "bankName": "Punjab National Bank",
                                "otpLength": "6"
                            }
                        }
                    ],
                    "isDeviceBound": "true"
                }
            },
            "os": "android",
            "level": "info",
            "subcategory": "system"
        },
        {
            "value": {
                "latency": "262.5",
                "url": "https://endpoint/getSessionTokenV2"
            },
            "os": "android",
            "level": "info",
            "subcategory": "system"
        },
        {
            "value": {
                "title": "GST_API_RESP",
                "value": {
                    "status": "LINKED",
                    "isDeviceActivated": "true",
                    "suggestedAccounts": null,
                    "vpaAccounts": [
                        {
                            "vpa": "[REDACTED]",
                            "account": {
                                "ifsc": "PUNB0538300",
                                "name": "RAJ PANDEY",
                                "liteBalance": null,
                                "type": "SAVINGS",
                                "branchName": "",
                                "bankAccountHash": null,
                                "bankAccountUniqueId": "[REDACTED]",
                                "aadhaarEnabled": null,
                                "mpinSet": "true",
                                "bankCode": "[REDACTED]",
                                "allowedMCC": null,
                                "atmPinLength": "4",
                                "isInitialTopUpDone": null,
                                "supportedFeatures": {
                                    "recurrenceMandate": true,
                                    "upiCredit": true,
                                    "aadhaar": true,
                                    "fir": true,
                                    "emi": true,
                                    "liteOffline": true,
                                    "base": true,
                                    "nfs": true,
                                    "global": true,
                                    "ccBill": true,
                                    "clDynamicKeys": true,
                                    "voucherManagementSystem": true,
                                    "credit": false,
                                    "mandate": true,
                                    "lite": true
                                },
                                "notallowedMCC": null,
                                "mpinLength": "6",
                                "juspayBankCode": null,
                                "referenceId": "[REDACTED]",
                                "accSubType": null,
                                "maskedAccountNumber": "XXXXXX8557",
                                "isAadhaarNumberAvailable": null,
                                "lrn": null,
                                "isPrimary": "true",
                                "accountNumber": null,
                                "bankName": "Punjab National Bank",
                                "otpLength": "6"
                            }
                        }
                    ],
                    "isDeviceBound": "true"
                }
            },
            "os": "android",
            "level": "info",
            "subcategory": "system"
        },
        {
            "value": {
                "latency": "110.0",
                "url": "https://endpoint/transactions/pending"
            },
            "os": "android",
            "level": "info",
            "subcategory": "system"
        },
        {
            "value": {
                "ended": {
                    "errorMessage": "",
                    "requestId": "80e674de-d62e-45f8-9b78-6b5c5e3d02d5",
                    "service": "in.juspay.inappupi",
                    "payload": {
                        "status": "SUCCESS",
                        "count": 0,
                        "action": "upiListPendingTransactions",
                        "udfParameters": "{}",
                        "pendingTransactions": []
                    },
                    "errorCode": "",
                    "event": "process_result",
                    "error": false
                }
            },
            "os": "android",
            "level": "info",
            "subcategory": "microapp"
        },
        {
            "value": {
                "Latency": {
                    "latency": 606,
                    "latency_sub_ms": 606.0999999996275,
                    "action": "upiListPendingTransactions",
                    "end_time": 1753121494532,
                    "start_time": 1753121493926
                }
            },
            "os": "android",
            "level": "info",
            "subcategory": "system"
        },
        {
            "value": {
                "ended": {
                    "errorMessage": "",
                    "requestId": "80e674de-d62e-45f8-9b78-6b5c5e3d02d5",
                    "service": "in.juspay.inappupi",
                    "payload": "{\"udfParameters\":\"{}\",\"status\":\"SUCCESS\",\"pendingTransactions\":[],\"count\":0,\"action\":\"upiListPendingTransactions\"}",
                    "errorCode": "",
                    "error": false
                }
            },
            "os": "android",
            "level": "info",
            "subcategory": "microapp"
        },
        {
            "value": {
                "started": {
                    "requestId": "1d187a2f-e024-4d81-b15b-bea6abcbdf27",
                    "service": "in.juspay.inappupi",
                    "payload": "{\"service\":\"in.juspay.inappupi\",\"requestId\":\"1d187a2f-e024-4d81-b15b-bea6abcbdf27\",\"payload\":{\"action\":\"upiListMandate\",\"limit\":\"100\",\"offset\":\"0\",\"status\":\"PENDING\",\"signature\":\"signatureValue\",\"signaturePayload\":\"signaturePayloadValue\",\"protected\":\"protectedKey\",\"merchant_root_view\":\"16908290\",\"merchant_keyboard_mode\":16,\"processStartedTime\":1753121494554,\"currentActivityId\":\"50f21767-010e-48e8-ad19-4d229029f673\",\"lifecycleId\":\"sdk:[REDACTED]/os:93b58432-0579-4d11-87a5-f61549a39f98\"},\"lifecycleId\":\"sdk:[REDACTED]/os:93b58432-0579-4d11-87a5-f61549a39f98\"}"
                }
            },
            "os": "android",
            "level": "info",
            "subcategory": "microapp"
        },
        {
            "value": {
                "started": {
                    "requestId": "1d187a2f-e024-4d81-b15b-bea6abcbdf27",
                    "service": "in.juspay.inappupi",
                    "payload": {
                        "signaturePayload": "[REDACTED]",
                        "merchantKeyId": null,
                        "offset": "0",
                        "status": "PENDING",
                        "limit": "100",
                        "action": "upiListMandate",
                        "udfParameters": null,
                        "signature": "[REDACTED]",
                        "clientAuthToken": null
                    },
                    "lifeCycleId": null
                }
            },
            "os": "android",
            "level": "info",
            "subcategory": "microapp"
        },
        {
            "value": {
                "title": "CACHE_VALIDITY",
                "value": "{ expiryType: \"HARD_EXPIRED\", key: \"SESSION_PARAMS_\", validFor: -1.0 }"
            },
            "os": "android",
            "level": "info",
            "subcategory": "system"
        },
        {
            "value": {
                "title": "AUTH_STATUS",
                "value": {
                    "key": "SESSION_PARAMS_",
                    "expiryType": "HARD_EXPIRED",
                    "cachedAtTs": 0
                }
            },
            "os": "android",
            "level": "info",
            "subcategory": "system"
        },
        {
            "value": {
                "title": "CACHE_VALIDITY",
                "value": "{ expiryType: \"VALID\", key: \"AUTH_PD\", validFor: 1793698.0 }"
            },
            "os": "android",
            "level": "info",
            "subcategory": "system"
        },
        {
            "value": {
                "title": "AUTH_STATUS",
                "value": {
                    "key": "PSP_SESSION_TKN",
                    "expiryType": "VALID",
                    "cachedAtTs": 1753121494400
                }
            },
            "os": "android",
            "level": "info",
            "subcategory": "system"
        },
        {
            "value": {
                "latency": "105.90000000037253",
                "url": "https://endpoint/mandates/list"
            },
            "os": "android",
            "level": "info",
            "subcategory": "system"
        },
        {
            "value": {
                "ended": {
                    "errorMessage": "",
                    "requestId": "1d187a2f-e024-4d81-b15b-bea6abcbdf27",
                    "service": "in.juspay.inappupi",
                    "payload": {
                        "status": "SUCCESS",
                        "responseMessage": "SUCCESS",
                        "action": "upiListMandate",
                        "mandateList": [],
                        "udfParameters": "{}",
                        "responseCode": "SUCCESS"
                    },
                    "errorCode": "",
                    "event": "process_result",
                    "error": false
                }
            },
            "os": "android",
            "level": "info",
            "subcategory": "microapp"
        },
        {
            "value": {
                "Latency": {
                    "latency": 170,
                    "latency_sub_ms": 170.09999999962747,
                    "action": "upiListMandate",
                    "end_time": 1753121494774,
                    "start_time": 1753121494604
                }
            },
            "os": "android",
            "level": "info",
            "subcategory": "system"
        },
        {
            "value": {
                "ended": {
                    "errorMessage": "",
                    "requestId": "1d187a2f-e024-4d81-b15b-bea6abcbdf27",
                    "service": "in.juspay.inappupi",
                    "payload": "{\"udfParameters\":\"{}\",\"status\":\"SUCCESS\",\"responseMessage\":\"SUCCESS\",\"responseCode\":\"SUCCESS\",\"mandateList\":[],\"action\":\"upiListMandate\"}",
                    "errorCode": "",
                    "error": false
                }
            },
            "os": "android",
            "level": "info",
            "subcategory": "microapp"
        }
    ]
}